text_id,label,n_words_in_span,mean_saliency_in,mean_saliency_out,spearman_tfd_in_span,spearman_fc_in_span,js_model_span_type,checkpoint,method
video_04,JOKE,49,0.06105748640918135,0.0,,,0.7387868734624078,mrbert_full,saliency
video_04,IDEOLOGICAL AND INEQUALITY,29,0.10316609772585814,0.0,,,0.7387868734624078,mrbert_full,saliency
video_04,INEQUALITY\/DISCRIMINATION,24,0.0,0.08085991443378071,,,0.7387868734624078,mrbert_full,saliency
video_04,IRONY,12,0.0,0.06105748640918135,,,0.7387868734624078,mrbert_full,saliency
video_05,IRONY,86,0.011627906976744186,0.0,,,0.9542016542350434,mrbert_full,saliency
video_05,JOKE,53,0.018867924528301886,0.0,,,0.9542016542350434,mrbert_full,saliency
video_05,INEQUALITY\/DISCRIMINATION,86,0.011627906976744186,0.0,,,0.9542016542350434,mrbert_full,saliency
video_05,IDEOLOGICAL AND INEQUALITY,45,0.0,0.024390243902439025,,,0.9542016542350434,mrbert_full,saliency
video_05,IMPLICIT SEXISM,7,0.0,0.012658227848101266,,,0.9542016542350434,mrbert_full,saliency
video_30,INEQUALITY\/DISCRIMINATION,59,0.042053880877342444,0.0,-0.06788553042740704,0.08821664617982324,0.7652756299228488,mrbert_full,saliency
video_30,IRONY,59,0.042053880877342444,0.0,-0.06788553042740704,0.08821664617982324,0.7652756299228488,mrbert_full,saliency
video_30,JOKE,59,0.042053880877342444,0.0,-0.06788553042740704,0.08821664617982324,0.7652756299228488,mrbert_full,saliency
video_30,IDEOLOGICAL AND INEQUALITY,12,0.0,0.05279104195240859,,,0.7652756299228488,mrbert_full,saliency
video_106,IMPLICIT SEXISM,63,0.030040001606670225,0.0,0.2187958772494708,0.17562342168505196,0.8977717798408497,mrbert_full,saliency
video_106,STEREOTYPE,63,0.030040001606670225,0.0,0.2187958772494708,0.17562342168505196,0.8977717798408497,mrbert_full,saliency
video_107,IMPLICIT SEXISM,28,0.0,0.06781746206169682,,,0.8794047197103136,mrbert_full,saliency
video_107,INEQUALITY\/DISCRIMINATION,28,0.0,0.06781746206169682,,,0.8794047197103136,mrbert_full,saliency
video_327,STEREOTYPE,54,0.036774466423324985,0.0,0.1421432407047575,0.26627567691936826,0.8847418547423861,mrbert_full,saliency
video_327,IMPLICIT SEXISM,54,0.036774466423324985,0.0,0.1421432407047575,0.26627567691936826,0.8847418547423861,mrbert_full,saliency
video_373,STEREOTYPE,31,0.08630848759012891,0.0,-0.17389204932899488,-0.14995532900030484,0.8535270477385161,mrbert_full,saliency
video_373,INEQUALITY\/DISCRIMINATION,59,0.04534852737786434,0.0,-0.12758298043827582,-0.10574368110400142,0.8535270477385161,mrbert_full,saliency
video_375,STEREOTYPE,74,0.03826646161464693,0.0,0.17923026378747245,0.3083918523124575,0.8222966348407376,mrbert_full,saliency
video_375,IMPLICIT SEXISM,74,0.03826646161464693,0.0,0.17923026378747245,0.3083918523124575,0.8222966348407376,mrbert_full,saliency
video_375,IRONY,70,0.040453116564055334,0.0,0.2145311666727431,0.3397224695027301,0.8222966348407376,mrbert_full,saliency
video_375,INEQUALITY\/DISCRIMINATION,74,0.03826646161464693,0.0,0.17923026378747245,0.3083918523124575,0.8222966348407376,mrbert_full,saliency
video_383,STEREOTYPE,74,0.026956505153270475,0.0,-0.001767108297428739,-0.0017674359219374462,0.9098450505073221,mrbert_full,saliency
video_383,IMPLICIT SEXISM,37,0.0,0.05391301030654095,,,0.9098450505073221,mrbert_full,saliency
video_143,OBJECTIFICATION,44,0.022727272727272728,0.0,0.13816968865032075,0.19841849104930276,0.9730188943255537,mrbert_full,saliency
video_143,STEREOTYPE,45,0.022222222222222223,0.0,0.10452749388792273,0.16266269795836466,0.9730188943255537,mrbert_full,saliency
video_144,INEQUALITY\/DISCRIMINATION,85,0.011764705882352941,0.0,0.10692336725967674,0.12253378472602318,0.953761531974144,mrbert_full,saliency
video_144,STEREOTYPE,85,0.011764705882352941,0.0,0.10692336725967674,0.12253378472602318,0.953761531974144,mrbert_full,saliency
video_144,IMPLICIT SEXISM,64,0.0,0.047619047619047616,,,0.953761531974144,mrbert_full,saliency
video_148,STEREOTYPE,50,0.03476675308550953,0.0,0.20260128910945327,0.23509922492533813,0.9060524736182091,mrbert_full,saliency
video_148,INEQUALITY\/DISCRIMINATION,23,0.0,0.03698590753777609,,,0.9060524736182091,mrbert_full,saliency
video_148,IRONY,5,0.0,0.026743656219622713,,,0.9060524736182091,mrbert_full,saliency
video_148,OBJECTIFICATION,15,0.0,0.03160613916864502,,,0.9060524736182091,mrbert_full,saliency
video_148,IMPLICIT SEXISM,15,0.0,0.03160613916864502,,,0.9060524736182091,mrbert_full,saliency
video_150,STEREOTYPE,34,0.0,0.34187952131809457,,,0.5645155159294835,mrbert_full,saliency
video_150,INEQUALITY\/DISCRIMINATION,13,0.0,0.14244980054920606,,,0.5645155159294835,mrbert_full,saliency
video_151,INEQUALITY\/DISCRIMINATION,44,0.0,0.0,,,0.0,mrbert_full,saliency
video_201,STEREOTYPE,106,0.04384047029224438,0.0,0.08906540462756654,0.10318853051919151,0.8411168276475623,mrbert_full,saliency
video_201,IMPLICIT SEXISM,27,0.0,0.05882392216427727,,,0.8411168276475623,mrbert_full,saliency
video_201,OBJECTIFICATION,43,0.0,0.07376333096790325,,,0.8411168276475623,mrbert_full,saliency
video_356,INEQUALITY\/DISCRIMINATION,40,0.0628289649565274,0.0,0.15813010767569058,0.3389681942604229,0.8941005233976589,mrbert_full,saliency
video_356,IMPLICIT SEXISM,5,0.5026317196522192,0.0,0.6668859288553503,0.8720815992723809,0.8941005233976589,mrbert_full,saliency
video_357,INEQUALITY\/DISCRIMINATION,95,0.008113052582317419,0.0,-0.1129492892649397,-0.15639959777723395,0.957788854914895,mrbert_full,saliency
video_59,STEREOTYPE,56,0.015849196132780595,0.0,0.21283645198172974,0.22969851718749998,0.9351530779109262,mrbert_full,saliency
video_59,INEQUALITY\/DISCRIMINATION,56,0.015849196132780595,0.0,0.21283645198172974,0.22969851718749998,0.9351530779109262,mrbert_full,saliency
video_59,IRONY,56,0.015849196132780595,0.0,0.21283645198172974,0.22969851718749998,0.9351530779109262,mrbert_full,saliency
video_59,IMPLICIT SEXISM,56,0.015849196132780595,0.0,0.21283645198172974,0.22969851718749998,0.9351530779109262,mrbert_full,saliency
video_59,JOKE,56,0.015849196132780595,0.0,0.21283645198172974,0.22969851718749998,0.9351530779109262,mrbert_full,saliency
video_62,STEREOTYPE,64,0.05728847231594617,0.0,0.06378800509001115,0.18726026070343085,0.7045674399646661,mrbert_full,saliency
video_62,IRONY,8,0.0,0.06547253978965277,,,0.7045674399646661,mrbert_full,saliency
video_76,INEQUALITY\/DISCRIMINATION,73,0.0136986301369863,0.0,0.16783173835313633,0.19024747953151458,0.9476550929449863,mrbert_full,saliency
video_76,STEREOTYPE,22,0.0,0.0196078431372549,,,0.9476550929449863,mrbert_full,saliency
video_76,IMPLICIT SEXISM,22,0.0,0.0196078431372549,,,0.9476550929449863,mrbert_full,saliency
video_37,CRITIQUE,21,0.047619047619047616,0.0,0.14770978917519928,0.33245498310218435,0.8602659584251353,mrbert_full,saliency
video_37,IRONY,21,0.047619047619047616,0.0,0.14770978917519928,0.33245498310218435,0.8602659584251353,mrbert_full,saliency
video_37,JOKE,21,0.047619047619047616,0.0,0.14770978917519928,0.33245498310218435,0.8602659584251353,mrbert_full,saliency
video_390,CRITIQUE,40,0.025,0.0,-0.14566799115586984,-0.13190628263758855,0.9152186444228599,mrbert_full,saliency
video_099,CRITIQUE,67,0.014925373134328358,0.0,,,0.9438843463479044,mrbert_full,saliency
video_399,CRITIQUE,69,0.014492753623188406,0.0,0.1400913499539969,0.1493848508240327,0.9452056244772565,mrbert_full,saliency
video_399,STEREOTYPE,69,0.014492753623188406,0.0,0.1400913499539969,0.1493848508240327,0.9452056244772565,mrbert_full,saliency
video_399,REPORTED SEXISM,69,0.014492753623188406,0.0,0.1400913499539969,0.1493848508240327,0.9452056244772565,mrbert_full,saliency
video_133,CRITIQUE,81,0.056149747432717334,0.0,0.041674719709764184,0.029674466616702557,0.7649628134237851,mrbert_full,saliency
video_136,CRITIQUE,47,0.0,0.0,,,0.0,mrbert_full,saliency
video_166,JOKE,30,0.055195118350376285,0.0,-0.08642573358336644,-0.10885229027277404,0.8211059860552251,mrbert_full,saliency
video_166,CRITIQUE,30,0.055195118350376285,0.0,-0.08642573358336644,-0.10885229027277404,0.8211059860552251,mrbert_full,saliency
video_214,CRITIQUE,35,0.0,0.0,,,0.0,mrbert_full,saliency
video_215,CRITIQUE,58,0.017241379310344827,0.0,-0.21767215635778503,-0.22167760948182821,0.9386538169042495,mrbert_full,saliency
video_217,CRITIQUE,85,0.01776500801425613,0.0,-0.08744866695097184,0.027962918787806313,0.889249410515522,mrbert_full,saliency
video_217,REPORTED SEXISM,14,0.0,0.021267967341010857,,,0.889249410515522,mrbert_full,saliency
video_352,CRITIQUE,67,0.02178384034971186,0.0,0.22290651318389562,0.2769958508056286,0.9102909944604318,mrbert_full,saliency
video_359,CRITIQUE,62,0.030995271249367445,0.0,0.00016458997689448277,0.005353087769359639,0.8964717164456236,mrbert_full,saliency
video_362,CRITIQUE,95,0.07651216639375766,0.0,0.052966352893375715,0.08446348283861384,0.7363955818385001,mrbert_full,saliency
video_364,CRITIQUE,78,0.03844198869636455,0.0,-0.17378173620606133,-0.08866965934905867,0.8276225908936728,mrbert_full,saliency
video_45,CRITIQUE,61,0.03500564817278046,0.0,0.21683345940796941,0.21332681373813633,0.8288995205703554,mrbert_full,saliency
video_55,CRITIQUE,98,0.03369929987321581,0.0,0.1840151223309427,0.23827032285177877,0.8546020385961152,mrbert_full,saliency
video_55,REPORTED SEXISM,49,0.0,0.06739859974643161,,,0.8546020385961152,mrbert_full,saliency
video_60,CRITIQUE,25,0.1801762408155737,0.0,0.01554246356825571,0.28770166955272763,0.5256998109226053,mrbert_full,saliency
video_78,CRITIQUE,73,0.0136986301369863,0.0,0.11751396156685154,0.13154841833692077,0.9476550929449863,mrbert_full,saliency
video_124,CRITIQUE,83,0.009214493040273854,0.0,-0.18906956472879385,-0.18921372228340053,0.9528530666702709,mrbert_full,saliency
video_124,REPORTED SEXISM,83,0.009214493040273854,0.0,-0.18906956472879385,-0.18921372228340053,0.9528530666702709,mrbert_full,saliency
video_04,JOKE,49,0.0688648106188307,0.0,,,0.7527991243094344,mrbert_full,input_x_gradient
video_04,IDEOLOGICAL AND INEQUALITY,29,0.11635778345940359,0.0,,,0.7527991243094344,mrbert_full,input_x_gradient
video_04,INEQUALITY\/DISCRIMINATION,24,0.0,0.09119934379250552,,,0.7527991243094344,mrbert_full,input_x_gradient
video_04,IRONY,12,0.0,0.0688648106188307,,,0.7527991243094344,mrbert_full,input_x_gradient
video_05,IRONY,86,0.011627906976744186,0.0,,,0.9542016542350434,mrbert_full,input_x_gradient
video_05,JOKE,53,0.018867924528301886,0.0,,,0.9542016542350434,mrbert_full,input_x_gradient
video_05,INEQUALITY\/DISCRIMINATION,86,0.011627906976744186,0.0,,,0.9542016542350434,mrbert_full,input_x_gradient
video_05,IDEOLOGICAL AND INEQUALITY,45,0.0,0.024390243902439025,,,0.9542016542350434,mrbert_full,input_x_gradient
video_05,IMPLICIT SEXISM,7,0.0,0.012658227848101266,,,0.9542016542350434,mrbert_full,input_x_gradient
video_30,INEQUALITY\/DISCRIMINATION,59,0.08321049176414419,0.0,-0.07568846495929289,0.07548664913615255,0.7566528258819797,mrbert_full,input_x_gradient
video_30,IRONY,59,0.08321049176414419,0.0,-0.07568846495929289,0.07548664913615255,0.7566528258819797,mrbert_full,input_x_gradient
video_30,JOKE,59,0.08321049176414419,0.0,-0.07568846495929289,0.07548664913615255,0.7566528258819797,mrbert_full,input_x_gradient
video_30,IDEOLOGICAL AND INEQUALITY,12,0.0,0.1044557237039257,,,0.7566528258819797,mrbert_full,input_x_gradient
video_106,IMPLICIT SEXISM,63,0.022903257626199106,0.0,0.21974510014426243,0.17855311807925706,0.8995227106751751,mrbert_full,input_x_gradient
video_106,STEREOTYPE,63,0.022903257626199106,0.0,0.21974510014426243,0.17855311807925706,0.8995227106751751,mrbert_full,input_x_gradient
video_107,IMPLICIT SEXISM,28,0.0,0.047570297570297564,,,0.900839520012817,mrbert_full,input_x_gradient
video_107,INEQUALITY\/DISCRIMINATION,28,0.0,0.047570297570297564,,,0.900839520012817,mrbert_full,input_x_gradient
video_327,STEREOTYPE,54,0.0247992747992748,0.0,0.1472697182383717,0.26872338504600723,0.8883167122428077,mrbert_full,input_x_gradient
video_327,IMPLICIT SEXISM,54,0.0247992747992748,0.0,0.1472697182383717,0.26872338504600723,0.8883167122428077,mrbert_full,input_x_gradient
video_373,STEREOTYPE,31,0.056638044914134746,0.0,-0.17389204932899488,-0.14995532900030484,0.8587833401013653,mrbert_full,input_x_gradient
video_373,INEQUALITY\/DISCRIMINATION,59,0.029758972751494524,0.0,-0.12758298043827582,-0.10574368110400142,0.8587833401013653,mrbert_full,input_x_gradient
video_375,STEREOTYPE,74,0.030213292349214677,0.0,0.17814051109106374,0.3068928198884906,0.8345296905310237,mrbert_full,input_x_gradient
video_375,IMPLICIT SEXISM,74,0.030213292349214677,0.0,0.17814051109106374,0.3068928198884906,0.8345296905310237,mrbert_full,input_x_gradient
video_375,IRONY,70,0.03193976619774123,0.0,0.21327636913417103,0.33803562583198904,0.8345296905310237,mrbert_full,input_x_gradient
video_375,INEQUALITY\/DISCRIMINATION,74,0.030213292349214677,0.0,0.17814051109106374,0.3068928198884906,0.8345296905310237,mrbert_full,input_x_gradient
video_383,STEREOTYPE,74,0.009850942625044703,0.0,0.0056705714021967005,0.005671622734575388,0.9098769921532437,mrbert_full,input_x_gradient
video_383,IMPLICIT SEXISM,37,0.0,0.019701885250089406,,,0.9098769921532437,mrbert_full,input_x_gradient
video_143,OBJECTIFICATION,44,0.022727272727272728,0.0,0.13816968865032075,0.19841849104930276,0.9730188943255537,mrbert_full,input_x_gradient
video_143,STEREOTYPE,45,0.022222222222222223,0.0,0.10452749388792273,0.16266269795836466,0.9730188943255537,mrbert_full,input_x_gradient
video_144,INEQUALITY\/DISCRIMINATION,85,0.011764705882352941,0.0,0.10692336725967674,0.12253378472602318,0.953761531974144,mrbert_full,input_x_gradient
video_144,STEREOTYPE,85,0.011764705882352941,0.0,0.10692336725967674,0.12253378472602318,0.953761531974144,mrbert_full,input_x_gradient
video_144,IMPLICIT SEXISM,64,0.0,0.047619047619047616,,,0.953761531974144,mrbert_full,input_x_gradient
video_148,STEREOTYPE,50,0.024408629441624363,0.0,0.20260128910945327,0.23509922492533813,0.9110308107960672,mrbert_full,input_x_gradient
video_148,INEQUALITY\/DISCRIMINATION,23,0.0,0.025966627065557833,,,0.9110308107960672,mrbert_full,input_x_gradient
video_148,IRONY,5,0.0,0.01877586880124951,,,0.9110308107960672,mrbert_full,input_x_gradient
video_148,OBJECTIFICATION,15,0.0,0.022189663128749423,,,0.9110308107960672,mrbert_full,input_x_gradient
video_148,IMPLICIT SEXISM,15,0.0,0.022189663128749423,,,0.9110308107960672,mrbert_full,input_x_gradient
video_150,STEREOTYPE,34,0.0,0.2324844207045657,,,0.5949360330613276,mrbert_full,input_x_gradient
video_150,INEQUALITY\/DISCRIMINATION,13,0.0,0.09686850862690237,,,0.5949360330613276,mrbert_full,input_x_gradient
video_151,INEQUALITY\/DISCRIMINATION,44,0.0,0.0,,,0.0,mrbert_full,input_x_gradient
video_201,STEREOTYPE,106,0.020751909254267745,0.0,0.08032881228671407,0.09366634204528138,0.8601998716063765,mrbert_full,input_x_gradient
video_201,IMPLICIT SEXISM,27,0.0,0.027844333936106087,,,0.8601998716063765,mrbert_full,input_x_gradient
video_201,OBJECTIFICATION,43,0.0,0.03491591080876795,,,0.8601998716063765,mrbert_full,input_x_gradient
video_356,INEQUALITY\/DISCRIMINATION,40,0.04719438877755511,0.0,0.14367957564266404,0.3352523431662161,0.8984769969344182,mrbert_full,input_x_gradient
video_356,IMPLICIT SEXISM,5,0.37755511022044086,0.0,0.15389675281277312,0.8720815992723809,0.8984769969344182,mrbert_full,input_x_gradient
video_357,INEQUALITY\/DISCRIMINATION,95,0.0074784052294363315,0.0,-0.1129492892649397,-0.15639959777723395,0.957788854914895,mrbert_full,input_x_gradient
video_59,STEREOTYPE,56,0.01205655757286192,0.0,0.21283645198172974,0.22969851718749998,0.9351530779109262,mrbert_full,input_x_gradient
video_59,INEQUALITY\/DISCRIMINATION,56,0.01205655757286192,0.0,0.21283645198172974,0.22969851718749998,0.9351530779109262,mrbert_full,input_x_gradient
video_59,IRONY,56,0.01205655757286192,0.0,0.21283645198172974,0.22969851718749998,0.9351530779109262,mrbert_full,input_x_gradient
video_59,IMPLICIT SEXISM,56,0.01205655757286192,0.0,0.21283645198172974,0.22969851718749998,0.9351530779109262,mrbert_full,input_x_gradient
video_59,JOKE,56,0.01205655757286192,0.0,0.21283645198172974,0.22969851718749998,0.9351530779109262,mrbert_full,input_x_gradient
video_62,STEREOTYPE,64,0.04080630602589641,0.0,0.04325766140902181,0.17039508846845278,0.7276462137022347,mrbert_full,input_x_gradient
video_62,IRONY,8,0.0,0.046635778315310183,,,0.7276462137022347,mrbert_full,input_x_gradient
video_76,INEQUALITY\/DISCRIMINATION,73,0.0136986301369863,0.0,0.16783173835313633,0.19024747953151458,0.9476550929449863,mrbert_full,input_x_gradient
video_76,STEREOTYPE,22,0.0,0.0196078431372549,,,0.9476550929449863,mrbert_full,input_x_gradient
video_76,IMPLICIT SEXISM,22,0.0,0.0196078431372549,,,0.9476550929449863,mrbert_full,input_x_gradient
video_37,CRITIQUE,21,0.047619047619047616,0.0,0.14770978917519928,0.33245498310218435,0.8602659584251353,mrbert_full,input_x_gradient
video_37,IRONY,21,0.047619047619047616,0.0,0.14770978917519928,0.33245498310218435,0.8602659584251353,mrbert_full,input_x_gradient
video_37,JOKE,21,0.047619047619047616,0.0,0.14770978917519928,0.33245498310218435,0.8602659584251353,mrbert_full,input_x_gradient
video_390,CRITIQUE,40,0.025,0.0,-0.14566799115586984,-0.13190628263758855,0.9152186444228599,mrbert_full,input_x_gradient
video_099,CRITIQUE,67,0.014925373134328358,0.0,,,0.9438843463479044,mrbert_full,input_x_gradient
video_399,CRITIQUE,69,0.014492753623188406,0.0,0.1400913499539969,0.1493848508240327,0.9452056244772565,mrbert_full,input_x_gradient
video_399,STEREOTYPE,69,0.014492753623188406,0.0,0.1400913499539969,0.1493848508240327,0.9452056244772565,mrbert_full,input_x_gradient
video_399,REPORTED SEXISM,69,0.014492753623188406,0.0,0.1400913499539969,0.1493848508240327,0.9452056244772565,mrbert_full,input_x_gradient
video_133,CRITIQUE,81,0.04830502448692993,0.0,0.036569021064693605,0.02818965151005371,0.777774979182492,mrbert_full,input_x_gradient
video_136,CRITIQUE,47,0.0,0.0,,,0.0,mrbert_full,input_x_gradient
video_166,JOKE,30,0.06654381654381655,0.0,-0.08642573358336644,-0.10885229027277404,0.8201120408255747,mrbert_full,input_x_gradient
video_166,CRITIQUE,30,0.06654381654381655,0.0,-0.08642573358336644,-0.10885229027277404,0.8201120408255747,mrbert_full,input_x_gradient
video_214,CRITIQUE,35,0.0,0.0,,,0.0,mrbert_full,input_x_gradient
video_215,CRITIQUE,58,0.017241379310344827,0.0,-0.21767215635778503,-0.22167760948182821,0.9386538169042495,mrbert_full,input_x_gradient
video_217,CRITIQUE,85,0.02366743345382846,0.0,-0.08512485622080615,0.025789555641737075,0.8938702394975987,mrbert_full,input_x_gradient
video_217,REPORTED SEXISM,14,0.0,0.02833425131796365,,,0.8938702394975987,mrbert_full,input_x_gradient
video_352,CRITIQUE,67,0.027500352188387422,0.0,0.22168770478860092,0.27686033424456913,0.908945787513815,mrbert_full,input_x_gradient
video_359,CRITIQUE,62,0.023294749605233474,0.0,0.010039988590563449,0.015071000950658676,0.8982542817123081,mrbert_full,input_x_gradient
video_362,CRITIQUE,95,0.05308069034838213,0.0,0.043856165396787,0.0747914178435083,0.7642908622231867,mrbert_full,input_x_gradient
video_364,CRITIQUE,78,0.02129548775575607,0.0,-0.17836983621904498,-0.09477966948907783,0.8469785252755669,mrbert_full,input_x_gradient
video_45,CRITIQUE,61,0.020534128917702437,0.0,0.21683345940796941,0.21332681373813633,0.8538969367508339,mrbert_full,input_x_gradient
video_55,CRITIQUE,98,0.029666028687555107,0.0,0.17849617382878774,0.23020697274193133,0.8598830807680758,mrbert_full,input_x_gradient
video_55,REPORTED SEXISM,49,0.0,0.059332057375110214,,,0.8598830807680758,mrbert_full,input_x_gradient
video_60,CRITIQUE,25,0.09820991253644315,0.0,-0.01748527151428767,0.23861743201079272,0.5996754668711899,mrbert_full,input_x_gradient
video_78,CRITIQUE,73,0.0136986301369863,0.0,0.11751396156685154,0.13154841833692077,0.9476550929449863,mrbert_full,input_x_gradient
video_124,CRITIQUE,83,0.004113496664184629,0.0,-0.18906956472879385,-0.18921372228340053,0.9528530666702709,mrbert_full,input_x_gradient
video_124,REPORTED SEXISM,83,0.004113496664184629,0.0,-0.18906956472879385,-0.18921372228340053,0.9528530666702709,mrbert_full,input_x_gradient
video_04,JOKE,49,0.06143085705199541,0.0,,,0.76342945953225,mrbert_full,ig
video_04,IDEOLOGICAL AND INEQUALITY,29,0.10379696536371638,0.0,,,0.76342945953225,mrbert_full,ig
video_04,INEQUALITY\/DISCRIMINATION,24,0.0,0.08135437825804798,,,0.76342945953225,mrbert_full,ig
video_04,IRONY,12,0.0,0.06143085705199541,,,0.76342945953225,mrbert_full,ig
video_05,IRONY,86,0.010675492703655228,0.0,,,0.9542016542350434,mrbert_full,ig
video_05,JOKE,53,0.01732249759461037,0.0,,,0.9542016542350434,mrbert_full,ig
video_05,INEQUALITY\/DISCRIMINATION,86,0.010675492703655228,0.0,,,0.9542016542350434,mrbert_full,ig
video_05,IDEOLOGICAL AND INEQUALITY,45,0.0,0.02239249689059389,,,0.9542016542350434,mrbert_full,ig
video_05,IMPLICIT SEXISM,7,0.0,0.0116214224368905,,,0.9542016542350434,mrbert_full,ig
video_30,INEQUALITY\/DISCRIMINATION,59,0.05573834090152369,0.0,-0.06788553042740704,0.08821664617982324,0.7645445924114646,mrbert_full,ig
video_30,IRONY,59,0.05573834090152369,0.0,-0.06788553042740704,0.08821664617982324,0.7645445924114646,mrbert_full,ig
video_30,JOKE,59,0.05573834090152369,0.0,-0.06788553042740704,0.08821664617982324,0.7645445924114646,mrbert_full,ig
video_30,IDEOLOGICAL AND INEQUALITY,12,0.0,0.06996940666361486,,,0.7645445924114646,mrbert_full,ig
video_106,IMPLICIT SEXISM,63,0.018053417672840584,0.0,0.2187958772494708,0.17562342168505196,0.9070754179898118,mrbert_full,ig
video_106,STEREOTYPE,63,0.018053417672840584,0.0,0.2187958772494708,0.17562342168505196,0.9070754179898118,mrbert_full,ig
video_107,IMPLICIT SEXISM,28,0.0,0.05831460683450846,,,0.8828541045716217,mrbert_full,ig
video_107,INEQUALITY\/DISCRIMINATION,28,0.0,0.05831460683450846,,,0.8828541045716217,mrbert_full,ig
video_327,STEREOTYPE,54,0.018569583065705934,0.0,0.1421432407047575,0.26627567691936826,0.9273619092165825,mrbert_full,ig
video_327,IMPLICIT SEXISM,54,0.018569583065705934,0.0,0.1421432407047575,0.26627567691936826,0.9273619092165825,mrbert_full,ig
video_373,STEREOTYPE,31,0.008904068857662971,0.0,-0.19434993748534724,-0.16968629334245025,0.8636312921012765,mrbert_full,ig
video_373,INEQUALITY\/DISCRIMINATION,59,0.004678409060805968,0.0,-0.13588355988847692,-0.11299379490690158,0.8636312921012765,mrbert_full,ig
video_375,STEREOTYPE,74,0.028154515689358305,0.0,0.17412204802305656,0.30317930774729995,0.8315379785676056,mrbert_full,ig
video_375,IMPLICIT SEXISM,74,0.028154515689358305,0.0,0.17412204802305656,0.30317930774729995,0.8315379785676056,mrbert_full,ig
video_375,IRONY,70,0.029763345157321635,0.0,0.20864930321068656,0.33411273357445176,0.8315379785676056,mrbert_full,ig
video_375,INEQUALITY\/DISCRIMINATION,74,0.028154515689358305,0.0,0.17412204802305656,0.30317930774729995,0.8315379785676056,mrbert_full,ig
video_383,STEREOTYPE,74,0.001934045102438112,0.0,-0.001767108297428739,-0.0017674359219374462,0.9163233754457794,mrbert_full,ig
video_383,IMPLICIT SEXISM,37,0.0,0.003868090204876224,,,0.9163233754457794,mrbert_full,ig
video_144,INEQUALITY\/DISCRIMINATION,85,0.011764705882352941,0.0,0.10692336725967674,0.12253378472602318,0.953761531974144,mrbert_full,ig
video_144,STEREOTYPE,85,0.011764705882352941,0.0,0.10692336725967674,0.12253378472602318,0.953761531974144,mrbert_full,ig
video_144,IMPLICIT SEXISM,64,0.0,0.047619047619047616,,,0.953761531974144,mrbert_full,ig
video_148,STEREOTYPE,50,0.021618364652788415,0.0,0.20769461760661828,0.23949095494804712,0.9183372743396212,mrbert_full,ig
video_148,INEQUALITY\/DISCRIMINATION,23,0.0,0.022998260268923845,,,0.9183372743396212,mrbert_full,ig
video_148,IRONY,5,0.0,0.016629511271375703,,,0.9183372743396212,mrbert_full,ig
video_148,OBJECTIFICATION,15,0.0,0.019653058775262192,,,0.9183372743396212,mrbert_full,ig
video_148,IMPLICIT SEXISM,15,0.0,0.019653058775262192,,,0.9183372743396212,mrbert_full,ig
video_150,STEREOTYPE,34,0.0,0.2863521202004725,,,0.5725011185398473,mrbert_full,ig
video_150,INEQUALITY\/DISCRIMINATION,13,0.0,0.11931338341686354,,,0.5725011185398473,mrbert_full,ig
video_356,INEQUALITY\/DISCRIMINATION,40,0.05704300053890231,0.0,0.13170627767244203,0.32905925800920466,0.8948111765654848,mrbert_full,ig
video_356,IMPLICIT SEXISM,5,0.45634400431121847,0.0,-0.05129891760425771,0.5642880936468347,0.8948111765654848,mrbert_full,ig
video_59,STEREOTYPE,56,0.0053943269574875125,0.0,0.21283645198172974,0.22969851718749998,0.9351530779109262,mrbert_full,ig
video_59,INEQUALITY\/DISCRIMINATION,56,0.0053943269574875125,0.0,0.21283645198172974,0.22969851718749998,0.9351530779109262,mrbert_full,ig
video_59,IRONY,56,0.0053943269574875125,0.0,0.21283645198172974,0.22969851718749998,0.9351530779109262,mrbert_full,ig
video_59,IMPLICIT SEXISM,56,0.0053943269574875125,0.0,0.21283645198172974,0.22969851718749998,0.9351530779109262,mrbert_full,ig
video_59,JOKE,56,0.0053943269574875125,0.0,0.21283645198172974,0.22969851718749998,0.9351530779109262,mrbert_full,ig
video_62,STEREOTYPE,64,0.07273015113351443,0.0,0.019621250971868037,0.14708704144707857,0.7229992864390621,mrbert_full,ig
video_62,IRONY,8,0.0,0.08312017272401649,,,0.7229992864390621,mrbert_full,ig
video_37,CRITIQUE,21,0.047619047619047616,0.0,0.14770978917519928,0.33245498310218435,0.8602659584251353,mrbert_full,ig
video_37,IRONY,21,0.047619047619047616,0.0,0.14770978917519928,0.33245498310218435,0.8602659584251353,mrbert_full,ig
video_37,JOKE,21,0.047619047619047616,0.0,0.14770978917519928,0.33245498310218435,0.8602659584251353,mrbert_full,ig
video_390,CRITIQUE,40,0.025,0.0,-0.14566799115586984,-0.13190628263758855,0.9152186444228599,mrbert_full,ig
video_099,CRITIQUE,67,0.014925373134328358,0.0,,,0.9438843463479044,mrbert_full,ig
video_399,CRITIQUE,69,0.014492753623188406,0.0,0.1400913499539969,0.1493848508240327,0.9452056244772565,mrbert_full,ig
video_399,STEREOTYPE,69,0.014492753623188406,0.0,0.1400913499539969,0.1493848508240327,0.9452056244772565,mrbert_full,ig
video_399,REPORTED SEXISM,69,0.014492753623188406,0.0,0.1400913499539969,0.1493848508240327,0.9452056244772565,mrbert_full,ig
video_133,CRITIQUE,81,0.016260279645382226,0.0,0.028146800222825025,0.011550988109077008,0.8074222029426431,mrbert_full,ig
video_136,CRITIQUE,47,0.0,0.0,,,0.0,mrbert_full,ig
video_166,JOKE,30,0.05650219210625238,0.0,-0.08642573358336644,-0.10885229027277404,0.8208527903520575,mrbert_full,ig
video_166,CRITIQUE,30,0.05650219210625238,0.0,-0.08642573358336644,-0.10885229027277404,0.8208527903520575,mrbert_full,ig
video_214,CRITIQUE,35,0.0,0.0,,,0.0,mrbert_full,ig
video_215,CRITIQUE,58,0.017241379310344827,0.0,-0.21767215635778503,-0.22167760948182821,0.9386538169042495,mrbert_full,ig
video_217,CRITIQUE,85,0.021715435856315756,0.0,-0.09160706509968937,0.023646803244204026,0.8928752486786784,mrbert_full,ig
video_217,REPORTED SEXISM,14,0.0,0.025997352785730128,,,0.8928752486786784,mrbert_full,ig
video_352,CRITIQUE,67,0.024876901819009187,0.0,0.22168770478860092,0.27686033424456913,0.9092674427138799,mrbert_full,ig
video_359,CRITIQUE,62,0.01849402748450412,0.0,0.010039988590563449,0.015071000950658676,0.9054042489705373,mrbert_full,ig
video_362,CRITIQUE,95,0.059593615680507084,0.0,0.026139811841871752,0.05375751378635575,0.743676336581151,mrbert_full,ig
video_364,CRITIQUE,78,0.02760159989329838,0.0,-0.1824216648019396,-0.09996572687621604,0.8365710147594182,mrbert_full,ig
video_45,CRITIQUE,61,0.03093809796542463,0.0,0.2098070198478476,0.20697449751523142,0.8305113840001416,mrbert_full,ig
video_60,CRITIQUE,25,0.09820425163502967,0.0,-0.035941947001591326,0.22258000786342783,0.5728768320420918,mrbert_full,ig
video_78,CRITIQUE,73,0.0136986301369863,0.0,0.11751396156685154,0.13154841833692077,0.9476550929449863,mrbert_full,ig
video_124,CRITIQUE,83,0.0012355525618872544,0.0,-0.18906956472879385,-0.18921372228340053,0.9528530666702709,mrbert_full,ig
video_124,REPORTED SEXISM,83,0.0012355525618872544,0.0,-0.18906956472879385,-0.18921372228340053,0.9528530666702709,mrbert_full,ig
video_04,JOKE,49,0.025637755102040815,0.0,,,0.7681865750072349,mrbert_full,lrp
video_04,IDEOLOGICAL AND INEQUALITY,29,0.043318965517241376,0.0,,,0.7681865750072349,mrbert_full,lrp
video_04,INEQUALITY\/DISCRIMINATION,24,0.0,0.033952702702702696,,,0.7681865750072349,mrbert_full,lrp
video_04,IRONY,12,0.0,0.025637755102040815,,,0.7681865750072349,mrbert_full,lrp
video_05,IRONY,86,0.005471956224350204,0.0,,,0.9542016542350434,mrbert_full,lrp
video_05,JOKE,53,0.00887902330743618,0.0,,,0.9542016542350434,mrbert_full,lrp
video_05,INEQUALITY\/DISCRIMINATION,86,0.005471956224350204,0.0,,,0.9542016542350434,mrbert_full,lrp
video_05,IDEOLOGICAL AND INEQUALITY,45,0.0,0.011477761836441893,,,0.9542016542350434,mrbert_full,lrp
video_05,IMPLICIT SEXISM,7,0.0,0.00595681310498883,,,0.9542016542350434,mrbert_full,lrp
video_30,INEQUALITY\/DISCRIMINATION,59,0.04802259887005649,0.0,-0.08170787159817629,0.06951248385688603,0.7758156553720407,mrbert_full,lrp
video_30,IRONY,59,0.04802259887005649,0.0,-0.08170787159817629,0.06951248385688603,0.7758156553720407,mrbert_full,lrp
video_30,JOKE,59,0.04802259887005649,0.0,-0.08170787159817629,0.06951248385688603,0.7758156553720407,mrbert_full,lrp
video_30,IDEOLOGICAL AND INEQUALITY,12,0.0,0.06028368794326241,,,0.7758156553720407,mrbert_full,lrp
video_106,IMPLICIT SEXISM,63,0.023809523809523808,0.0,0.21974510014426243,0.17855311807925706,0.8990406146545297,mrbert_full,lrp
video_106,STEREOTYPE,63,0.023809523809523808,0.0,0.21974510014426243,0.17855311807925706,0.8990406146545297,mrbert_full,lrp
video_107,IMPLICIT SEXISM,28,0.0,0.045454545454545456,,,0.9289911696680274,mrbert_full,lrp
video_107,INEQUALITY\/DISCRIMINATION,28,0.0,0.045454545454545456,,,0.9289911696680274,mrbert_full,lrp
video_327,STEREOTYPE,54,0.0202020202020202,0.0,0.1472697182383717,0.26872338504600723,0.8995487159814106,mrbert_full,lrp
video_327,IMPLICIT SEXISM,54,0.0202020202020202,0.0,0.1472697182383717,0.26872338504600723,0.8995487159814106,mrbert_full,lrp
video_373,STEREOTYPE,31,0.059139784946236555,0.0,-0.17389204932899488,-0.14995532900030484,0.8567880820069858,mrbert_full,lrp
video_373,INEQUALITY\/DISCRIMINATION,59,0.031073446327683614,0.0,-0.12758298043827582,-0.10574368110400142,0.8567880820069858,mrbert_full,lrp
video_375,STEREOTYPE,74,0.031156156156156155,0.0,0.17814051109106374,0.3068928198884906,0.8329640518179983,mrbert_full,lrp
video_375,IMPLICIT SEXISM,74,0.031156156156156155,0.0,0.17814051109106374,0.3068928198884906,0.8329640518179983,mrbert_full,lrp
video_375,IRONY,70,0.03293650793650793,0.0,0.21327636913417103,0.33803562583198904,0.8329640518179983,mrbert_full,lrp
video_375,INEQUALITY\/DISCRIMINATION,74,0.031156156156156155,0.0,0.17814051109106374,0.3068928198884906,0.8329640518179983,mrbert_full,lrp
video_383,STEREOTYPE,74,0.018918918918918916,0.0,0.0056705714021967005,0.005671622734575388,0.9117657475630132,mrbert_full,lrp
video_383,IMPLICIT SEXISM,37,0.0,0.03783783783783783,,,0.9117657475630132,mrbert_full,lrp
video_143,OBJECTIFICATION,44,0.022727272727272728,0.0,0.13816968865032075,0.19841849104930276,0.9730188943255537,mrbert_full,lrp
video_143,STEREOTYPE,45,0.022222222222222223,0.0,0.10452749388792273,0.16266269795836466,0.9730188943255537,mrbert_full,lrp
video_144,INEQUALITY\/DISCRIMINATION,85,0.011764705882352941,0.0,0.10692336725967674,0.12253378472602318,0.953761531974144,mrbert_full,lrp
video_144,STEREOTYPE,85,0.011764705882352941,0.0,0.10692336725967674,0.12253378472602318,0.953761531974144,mrbert_full,lrp
video_144,IMPLICIT SEXISM,64,0.0,0.047619047619047616,,,0.953761531974144,mrbert_full,lrp
video_148,STEREOTYPE,50,0.0225,0.0,0.20260128910945327,0.23509922492533813,0.9149668213655044,mrbert_full,lrp
video_148,INEQUALITY\/DISCRIMINATION,23,0.0,0.023936170212765957,,,0.9149668213655044,mrbert_full,lrp
video_148,IRONY,5,0.0,0.01730769230769231,,,0.9149668213655044,mrbert_full,lrp
video_148,OBJECTIFICATION,15,0.0,0.020454545454545454,,,0.9149668213655044,mrbert_full,lrp
video_148,IMPLICIT SEXISM,15,0.0,0.020454545454545454,,,0.9149668213655044,mrbert_full,lrp
video_150,STEREOTYPE,34,0.0,0.284375,,,0.5971631022664184,mrbert_full,lrp
video_150,INEQUALITY\/DISCRIMINATION,13,0.0,0.11848958333333333,,,0.5971631022664184,mrbert_full,lrp
video_151,INEQUALITY\/DISCRIMINATION,44,0.0,0.0,,,0.0,mrbert_full,lrp
video_201,STEREOTYPE,106,0.017246462264150945,0.0,0.08430818136759377,0.09768583678991102,0.853117185501385,mrbert_full,lrp
video_201,IMPLICIT SEXISM,27,0.0,0.023140822784810125,,,0.853117185501385,mrbert_full,lrp
video_201,OBJECTIFICATION,43,0.0,0.029017857142857144,,,0.853117185501385,mrbert_full,lrp
video_356,INEQUALITY\/DISCRIMINATION,40,0.0375,0.0,0.15813010767569058,0.3389681942604229,0.8994462157503395,mrbert_full,lrp
video_356,IMPLICIT SEXISM,5,0.3,0.0,0.6668859288553503,0.8720815992723809,0.8994462157503395,mrbert_full,lrp
video_357,INEQUALITY\/DISCRIMINATION,95,0.003289473684210526,0.0,-0.1129492892649397,-0.15639959777723395,0.957788854914895,mrbert_full,lrp
video_59,STEREOTYPE,56,0.0071428571428571435,0.0,0.21283645198172974,0.22969851718749998,0.9351530779109262,mrbert_full,lrp
video_59,INEQUALITY\/DISCRIMINATION,56,0.0071428571428571435,0.0,0.21283645198172974,0.22969851718749998,0.9351530779109262,mrbert_full,lrp
video_59,IRONY,56,0.0071428571428571435,0.0,0.21283645198172974,0.22969851718749998,0.9351530779109262,mrbert_full,lrp
video_59,IMPLICIT SEXISM,56,0.0071428571428571435,0.0,0.21283645198172974,0.22969851718749998,0.9351530779109262,mrbert_full,lrp
video_59,JOKE,56,0.0071428571428571435,0.0,0.21283645198172974,0.22969851718749998,0.9351530779109262,mrbert_full,lrp
video_62,STEREOTYPE,64,0.06357758620689655,0.0,0.045419602522102885,0.169249765887415,0.7083064477172171,mrbert_full,lrp
video_62,IRONY,8,0.0,0.07266009852216748,,,0.7083064477172171,mrbert_full,lrp
video_76,INEQUALITY\/DISCRIMINATION,73,0.0136986301369863,0.0,0.16783173835313633,0.19024747953151458,0.9476550929449863,mrbert_full,lrp
video_76,STEREOTYPE,22,0.0,0.0196078431372549,,,0.9476550929449863,mrbert_full,lrp
video_76,IMPLICIT SEXISM,22,0.0,0.0196078431372549,,,0.9476550929449863,mrbert_full,lrp
video_37,CRITIQUE,21,0.047619047619047616,0.0,0.14770978917519928,0.33245498310218435,0.8602659584251353,mrbert_full,lrp
video_37,IRONY,21,0.047619047619047616,0.0,0.14770978917519928,0.33245498310218435,0.8602659584251353,mrbert_full,lrp
video_37,JOKE,21,0.047619047619047616,0.0,0.14770978917519928,0.33245498310218435,0.8602659584251353,mrbert_full,lrp
video_390,CRITIQUE,40,0.025,0.0,-0.14566799115586984,-0.13190628263758855,0.9152186444228599,mrbert_full,lrp
video_099,CRITIQUE,67,0.014925373134328358,0.0,,,0.9438843463479044,mrbert_full,lrp
video_399,CRITIQUE,69,0.014492753623188406,0.0,0.1400913499539969,0.1493848508240327,0.9452056244772565,mrbert_full,lrp
video_399,STEREOTYPE,69,0.014492753623188406,0.0,0.1400913499539969,0.1493848508240327,0.9452056244772565,mrbert_full,lrp
video_399,REPORTED SEXISM,69,0.014492753623188406,0.0,0.1400913499539969,0.1493848508240327,0.9452056244772565,mrbert_full,lrp
video_133,CRITIQUE,81,0.035365226337448555,0.0,0.039711826002026565,0.02265482536456189,0.7732012399942061,mrbert_full,lrp
video_136,CRITIQUE,47,0.0,0.0,,,0.0,mrbert_full,lrp
video_166,JOKE,30,0.04492753623188406,0.0,-0.08642573358336644,-0.10885229027277404,0.826072045615857,mrbert_full,lrp
video_166,CRITIQUE,30,0.04492753623188406,0.0,-0.08642573358336644,-0.10885229027277404,0.826072045615857,mrbert_full,lrp
video_214,CRITIQUE,35,0.0,0.0,,,0.0,mrbert_full,lrp
video_215,CRITIQUE,58,0.017241379310344827,0.0,-0.21767215635778503,-0.22167760948182821,0.9386538169042495,mrbert_full,lrp
video_217,CRITIQUE,85,0.007941176470588236,0.0,-0.0925243588089653,0.020402063899368265,0.8890614217873847,mrbert_full,lrp
video_217,REPORTED SEXISM,14,0.0,0.009507042253521128,,,0.8890614217873847,mrbert_full,lrp
video_352,CRITIQUE,67,0.015298507462686566,0.0,0.22290651318389562,0.2769958508056286,0.9299500992848276,mrbert_full,lrp
video_359,CRITIQUE,62,0.025,0.0,0.00016458997689448277,0.005353087769359639,0.897444049229363,mrbert_full,lrp
video_362,CRITIQUE,95,0.04526315789473684,0.0,0.05118453747896743,0.08170999476645595,0.7700693208117533,mrbert_full,lrp
video_364,CRITIQUE,78,0.028846153846153848,0.0,-0.17515220763851103,-0.09132229789765235,0.8412996806963626,mrbert_full,lrp
video_45,CRITIQUE,61,0.029883879781420764,0.0,0.2105466450647025,0.20641944075789023,0.8445060190797786,mrbert_full,lrp
video_55,CRITIQUE,98,0.01371173469387755,0.0,0.1807913375580041,0.23558212836644654,0.858866633121532,mrbert_full,lrp
video_55,REPORTED SEXISM,49,0.0,0.0274234693877551,,,0.858866633121532,mrbert_full,lrp
video_60,CRITIQUE,25,0.09440000000000001,0.0,0.008216544221326706,0.25819990377648006,0.6369897455286917,mrbert_full,lrp
video_78,CRITIQUE,73,0.0136986301369863,0.0,0.11751396156685154,0.13154841833692077,0.9476550929449863,mrbert_full,lrp
video_124,CRITIQUE,83,0.0002510040160642566,0.0,-0.18906956472879385,-0.18921372228340053,0.9528530666702709,mrbert_full,lrp
video_124,REPORTED SEXISM,83,0.0002510040160642566,0.0,-0.18906956472879385,-0.18921372228340053,0.9528530666702709,mrbert_full,lrp
video_04,JOKE,49,0.11585634551786925,0.0,,,0.6914921965897718,mbert_filtered,saliency
video_04,IDEOLOGICAL AND INEQUALITY,29,0.19575727346122734,0.0,,,0.6914921965897718,mbert_filtered,saliency
video_04,INEQUALITY\/DISCRIMINATION,24,0.0,0.15343137649663766,,,0.6914921965897718,mbert_filtered,saliency
video_04,IRONY,12,0.0,0.11585634551786925,,,0.6914921965897718,mbert_filtered,saliency
video_05,IRONY,86,0.011627906976744186,0.0,,,0.9542016542350434,mbert_filtered,saliency
video_05,JOKE,53,0.018867924528301886,0.0,,,0.9542016542350434,mbert_filtered,saliency
video_05,INEQUALITY\/DISCRIMINATION,86,0.011627906976744186,0.0,,,0.9542016542350434,mbert_filtered,saliency
video_05,IDEOLOGICAL AND INEQUALITY,45,0.0,0.024390243902439025,,,0.9542016542350434,mbert_filtered,saliency
video_05,IMPLICIT SEXISM,7,0.0,0.012658227848101266,,,0.9542016542350434,mbert_filtered,saliency
video_30,INEQUALITY\/DISCRIMINATION,59,0.03296137157947823,0.0,-0.07212140917328794,0.08235414754129068,0.7746154799439403,mbert_filtered,saliency
video_30,IRONY,59,0.03296137157947823,0.0,-0.07212140917328794,0.08235414754129068,0.7746154799439403,mbert_filtered,saliency
video_30,JOKE,59,0.03296137157947823,0.0,-0.07212140917328794,0.08235414754129068,0.7746154799439403,mbert_filtered,saliency
video_30,IDEOLOGICAL AND INEQUALITY,12,0.0,0.04137704091891948,,,0.7746154799439403,mbert_filtered,saliency
video_106,IMPLICIT SEXISM,63,0.03555902726925641,0.0,0.20099614233555185,0.1825908947691266,0.8347592667511662,mbert_filtered,saliency
video_106,STEREOTYPE,63,0.03555902726925641,0.0,0.20099614233555185,0.1825908947691266,0.8347592667511662,mbert_filtered,saliency
video_107,IMPLICIT SEXISM,28,0.0,0.1890542176184181,,,0.6569248878631484,mbert_filtered,saliency
video_107,INEQUALITY\/DISCRIMINATION,28,0.0,0.1890542176184181,,,0.6569248878631484,mbert_filtered,saliency
video_327,STEREOTYPE,54,0.026371728888212747,0.0,0.1472697182383717,0.26872338504600723,0.8870340890763059,mbert_filtered,saliency
video_327,IMPLICIT SEXISM,54,0.026371728888212747,0.0,0.1472697182383717,0.26872338504600723,0.8870340890763059,mbert_filtered,saliency
video_373,STEREOTYPE,31,0.07336901474317085,0.0,-0.19592362118968207,-0.17284324763719347,0.8553182974133329,mbert_filtered,saliency
video_373,INEQUALITY\/DISCRIMINATION,59,0.03854982130573384,0.0,-0.13619098875700286,-0.11453637231177395,0.8553182974133329,mbert_filtered,saliency
video_375,STEREOTYPE,74,0.027508233939302462,0.0,0.17923026378747245,0.3083918523124575,0.8316320880894178,mbert_filtered,saliency
video_375,IMPLICIT SEXISM,74,0.027508233939302462,0.0,0.17923026378747245,0.3083918523124575,0.8316320880894178,mbert_filtered,saliency
video_375,IRONY,70,0.029080133021548316,0.0,0.2145311666727431,0.3397224695027301,0.8316320880894178,mbert_filtered,saliency
video_375,INEQUALITY\/DISCRIMINATION,74,0.027508233939302462,0.0,0.17923026378747245,0.3083918523124575,0.8316320880894178,mbert_filtered,saliency
video_383,STEREOTYPE,74,0.08439877825184987,0.0,-0.002397431906280455,-0.108532207932268,0.609793576852746,mbert_filtered,saliency
video_383,IMPLICIT SEXISM,37,0.0,0.16879755650369974,,,0.609793576852746,mbert_filtered,saliency
video_143,OBJECTIFICATION,44,0.022727272727272728,0.0,0.13816968865032075,0.19841849104930276,0.9730188943255537,mbert_filtered,saliency
video_143,STEREOTYPE,45,0.022222222222222223,0.0,0.10452749388792273,0.16266269795836466,0.9730188943255537,mbert_filtered,saliency
video_144,INEQUALITY\/DISCRIMINATION,85,0.011764705882352941,0.0,0.10692336725967674,0.12253378472602318,0.953761531974144,mbert_filtered,saliency
video_144,STEREOTYPE,85,0.011764705882352941,0.0,0.10692336725967674,0.12253378472602318,0.953761531974144,mbert_filtered,saliency
video_144,IMPLICIT SEXISM,64,0.0,0.047619047619047616,,,0.953761531974144,mbert_filtered,saliency
video_148,STEREOTYPE,50,0.04095651034221634,0.0,0.1192580342432109,0.10924311730208314,0.8476341734172846,mbert_filtered,saliency
video_148,INEQUALITY\/DISCRIMINATION,23,0.0,0.04357075568320887,,,0.8476341734172846,mbert_filtered,saliency
video_148,IRONY,5,0.0,0.03150500795555103,,,0.8476341734172846,mbert_filtered,saliency
video_148,OBJECTIFICATION,15,0.0,0.03723319122019667,,,0.8476341734172846,mbert_filtered,saliency
video_148,IMPLICIT SEXISM,15,0.0,0.03723319122019667,,,0.8476341734172846,mbert_filtered,saliency
video_150,STEREOTYPE,34,0.0,0.43895783670393757,,,0.5436763957950904,mbert_filtered,saliency
video_150,INEQUALITY\/DISCRIMINATION,13,0.0,0.18289909862664067,,,0.5436763957950904,mbert_filtered,saliency
video_151,INEQUALITY\/DISCRIMINATION,44,0.0,0.0,,,0.0,mbert_filtered,saliency
video_201,STEREOTYPE,106,0.027297932045207026,0.0,0.08168839726194758,0.09540451930639196,0.8457787298924752,mbert_filtered,saliency
video_201,IMPLICIT SEXISM,27,0.0,0.03662760502268285,,,0.8457787298924752,mbert_filtered,saliency
video_201,OBJECTIFICATION,43,0.0,0.04592985391733246,,,0.8457787298924752,mbert_filtered,saliency
video_356,INEQUALITY\/DISCRIMINATION,40,0.032243953697053664,0.0,0.13170627767244203,0.32905925800920466,0.9041102813432147,mbert_filtered,saliency
video_356,IMPLICIT SEXISM,5,0.2579516295764293,0.0,-0.05129891760425771,0.5642880936468347,0.9041102813432147,mbert_filtered,saliency
video_357,INEQUALITY\/DISCRIMINATION,95,0.03485751575706186,0.0,0.2282405461745207,0.23658082762972887,0.8320741838442545,mbert_filtered,saliency
video_59,STEREOTYPE,56,0.017857142857142856,0.0,0.21283645198172974,0.22969851718749998,0.9351530779109262,mbert_filtered,saliency
video_59,INEQUALITY\/DISCRIMINATION,56,0.017857142857142856,0.0,0.21283645198172974,0.22969851718749998,0.9351530779109262,mbert_filtered,saliency
video_59,IRONY,56,0.017857142857142856,0.0,0.21283645198172974,0.22969851718749998,0.9351530779109262,mbert_filtered,saliency
video_59,IMPLICIT SEXISM,56,0.017857142857142856,0.0,0.21283645198172974,0.22969851718749998,0.9351530779109262,mbert_filtered,saliency
video_59,JOKE,56,0.017857142857142856,0.0,0.21283645198172974,0.22969851718749998,0.9351530779109262,mbert_filtered,saliency
video_62,STEREOTYPE,64,0.07774191736645321,0.0,0.04643948589094636,0.1734270295444039,0.7074851863940368,mbert_filtered,saliency
video_62,IRONY,8,0.0,0.0888479055616608,,,0.7074851863940368,mbert_filtered,saliency
video_76,INEQUALITY\/DISCRIMINATION,73,0.0136986301369863,0.0,0.16783173835313633,0.19024747953151458,0.9476550929449863,mbert_filtered,saliency
video_76,STEREOTYPE,22,0.0,0.0196078431372549,,,0.9476550929449863,mbert_filtered,saliency
video_76,IMPLICIT SEXISM,22,0.0,0.0196078431372549,,,0.9476550929449863,mbert_filtered,saliency
video_37,CRITIQUE,21,0.0888416571462222,0.0,0.1727573764157606,0.4186993599890917,0.6974455120116602,mbert_filtered,saliency
video_37,IRONY,21,0.0888416571462222,0.0,0.1727573764157606,0.4186993599890917,0.6974455120116602,mbert_filtered,saliency
video_37,JOKE,21,0.0888416571462222,0.0,0.1727573764157606,0.4186993599890917,0.6974455120116602,mbert_filtered,saliency
video_390,CRITIQUE,40,0.025,0.0,-0.14566799115586984,-0.13190628263758855,0.9152186444228599,mbert_filtered,saliency
video_099,CRITIQUE,67,0.014925373134328358,0.0,,,0.9438843463479044,mbert_filtered,saliency
video_399,CRITIQUE,69,0.014492753623188406,0.0,0.1400913499539969,0.1493848508240327,0.9452056244772565,mbert_filtered,saliency
video_399,STEREOTYPE,69,0.014492753623188406,0.0,0.1400913499539969,0.1493848508240327,0.9452056244772565,mbert_filtered,saliency
video_399,REPORTED SEXISM,69,0.014492753623188406,0.0,0.1400913499539969,0.1493848508240327,0.9452056244772565,mbert_filtered,saliency
video_133,CRITIQUE,81,0.03956464222340948,0.0,0.04010373551128093,0.03076624243041494,0.7833011464612396,mbert_filtered,saliency
video_136,CRITIQUE,47,0.0,0.0,,,0.0,mbert_filtered,saliency
video_166,JOKE,30,0.03333333333333333,0.0,0.1394831586522837,0.10734253018329497,0.8937772036120079,mbert_filtered,saliency
video_166,CRITIQUE,30,0.03333333333333333,0.0,0.1394831586522837,0.10734253018329497,0.8937772036120079,mbert_filtered,saliency
video_214,CRITIQUE,35,0.0,0.0,,,0.0,mbert_filtered,saliency
video_215,CRITIQUE,58,0.017241379310344827,0.0,-0.21767215635778503,-0.22167760948182821,0.9386538169042495,mbert_filtered,saliency
video_217,CRITIQUE,85,0.030516658569017686,0.0,-0.08744866695097184,0.027962918787806313,0.8891687456651676,mbert_filtered,saliency
video_217,REPORTED SEXISM,14,0.0,0.03653402786431695,,,0.8891687456651676,mbert_filtered,saliency
video_352,CRITIQUE,67,0.019413890670632317,0.0,0.22290651318389562,0.2769958508056286,0.9121394797262242,mbert_filtered,saliency
video_359,CRITIQUE,62,0.02560825063640317,0.0,0.00016458997689448277,0.005353087769359639,0.8972389807256832,mbert_filtered,saliency
video_362,CRITIQUE,95,0.13118976372377453,0.0,0.29724264335191025,0.3087823326577506,0.4056190219562704,mbert_filtered,saliency
video_364,CRITIQUE,78,0.03912174248574207,0.0,-0.16937239333644075,-0.08255964920903949,0.8293971887223547,mbert_filtered,saliency
video_45,CRITIQUE,61,0.09830628606623155,0.0,0.5605580225761082,0.5552244726223614,0.5423171138876913,mbert_filtered,saliency
video_55,CRITIQUE,98,0.02269082108774693,0.0,0.17727105276733332,0.3056384832561993,0.7979747128405091,mbert_filtered,saliency
video_55,REPORTED SEXISM,49,0.0,0.04538164217549386,,,0.7979747128405091,mbert_filtered,saliency
video_60,CRITIQUE,25,0.2457385110351747,0.0,0.05906370481194526,0.35197967917580913,0.4163781476563236,mbert_filtered,saliency
video_78,CRITIQUE,73,0.0136986301369863,0.0,0.11751396156685154,0.13154841833692077,0.9476550929449863,mbert_filtered,saliency
video_124,CRITIQUE,83,0.0334918467232321,0.0,-0.226750797375875,-0.1676192975076547,0.8415854009944678,mbert_filtered,saliency
video_124,REPORTED SEXISM,83,0.0334918467232321,0.0,-0.226750797375875,-0.1676192975076547,0.8415854009944678,mbert_filtered,saliency
video_04,JOKE,49,0.0549988435164803,0.0,,,0.731700471971049,mbert_filtered,input_x_gradient
video_04,IDEOLOGICAL AND INEQUALITY,29,0.09292908042439775,0.0,,,0.731700471971049,mbert_filtered,input_x_gradient
video_04,INEQUALITY\/DISCRIMINATION,24,0.0,0.07283630627858202,,,0.731700471971049,mbert_filtered,input_x_gradient
video_04,IRONY,12,0.0,0.0549988435164803,,,0.731700471971049,mbert_filtered,input_x_gradient
video_05,IRONY,86,0.004883820746772686,0.0,,,0.9542016542350434,mbert_filtered,input_x_gradient
video_05,JOKE,53,0.007924690268348132,0.0,,,0.9542016542350434,mbert_filtered,input_x_gradient
video_05,INEQUALITY\/DISCRIMINATION,86,0.004883820746772686,0.0,,,0.9542016542350434,mbert_filtered,input_x_gradient
video_05,IDEOLOGICAL AND INEQUALITY,45,0.0,0.010244111810303684,,,0.9542016542350434,mbert_filtered,input_x_gradient
video_05,IMPLICIT SEXISM,7,0.0,0.0053165643572462154,,,0.9542016542350434,mbert_filtered,input_x_gradient
video_30,INEQUALITY\/DISCRIMINATION,59,0.03442795147322424,0.0,-0.08059316666504973,0.07023831702165674,0.7776838649053036,mbert_filtered,input_x_gradient
video_30,IRONY,59,0.03442795147322424,0.0,-0.08059316666504973,0.07023831702165674,0.7776838649053036,mbert_filtered,input_x_gradient
video_30,JOKE,59,0.03442795147322424,0.0,-0.08059316666504973,0.07023831702165674,0.7776838649053036,mbert_filtered,input_x_gradient
video_30,IDEOLOGICAL AND INEQUALITY,12,0.0,0.04321806674298362,,,0.7776838649053036,mbert_filtered,input_x_gradient
video_106,IMPLICIT SEXISM,63,0.0336922414278804,0.0,0.20099614233555185,0.1825908947691266,0.841325353819289,mbert_filtered,input_x_gradient
video_106,STEREOTYPE,63,0.0336922414278804,0.0,0.20099614233555185,0.1825908947691266,0.841325353819289,mbert_filtered,input_x_gradient
video_107,IMPLICIT SEXISM,28,0.0,0.152405186170695,,,0.6849449551643954,mbert_filtered,input_x_gradient
video_107,INEQUALITY\/DISCRIMINATION,28,0.0,0.152405186170695,,,0.6849449551643954,mbert_filtered,input_x_gradient
video_327,STEREOTYPE,54,0.02857778540508504,0.0,0.1421432407047575,0.26627567691936826,0.8859204328327941,mbert_filtered,input_x_gradient
video_327,IMPLICIT SEXISM,54,0.02857778540508504,0.0,0.1421432407047575,0.26627567691936826,0.8859204328327941,mbert_filtered,input_x_gradient
video_373,STEREOTYPE,31,0.04496210633572366,0.0,-0.19592362118968207,-0.17284324763719347,0.882616607979633,mbert_filtered,input_x_gradient
video_373,INEQUALITY\/DISCRIMINATION,59,0.023624157566227683,0.0,-0.13619098875700286,-0.11453637231177395,0.882616607979633,mbert_filtered,input_x_gradient
video_375,STEREOTYPE,74,0.02778169799094433,0.0,0.17677832022055281,0.3052575117896177,0.8281787255662518,mbert_filtered,input_x_gradient
video_375,IMPLICIT SEXISM,74,0.02778169799094433,0.0,0.17677832022055281,0.3052575117896177,0.8281787255662518,mbert_filtered,input_x_gradient
video_375,IRONY,70,0.029369223590426864,0.0,0.21162944736479522,0.33627032431609727,0.8281787255662518,mbert_filtered,input_x_gradient
video_375,INEQUALITY\/DISCRIMINATION,74,0.02778169799094433,0.0,0.17677832022055281,0.3052575117896177,0.8281787255662518,mbert_filtered,input_x_gradient
video_383,STEREOTYPE,74,0.07052789016292799,0.0,-0.009044389036997938,-0.12403092831402372,0.6308443127403736,mbert_filtered,input_x_gradient
video_383,IMPLICIT SEXISM,37,0.0,0.14105578032585597,,,0.6308443127403736,mbert_filtered,input_x_gradient
video_143,OBJECTIFICATION,44,0.022727272727272728,0.0,0.13816968865032075,0.19841849104930276,0.9730188943255537,mbert_filtered,input_x_gradient
video_143,STEREOTYPE,45,0.022222222222222223,0.0,0.10452749388792273,0.16266269795836466,0.9730188943255537,mbert_filtered,input_x_gradient
video_144,INEQUALITY\/DISCRIMINATION,85,0.011764705882352941,0.0,0.10692336725967674,0.12253378472602318,0.953761531974144,mbert_filtered,input_x_gradient
video_144,STEREOTYPE,85,0.011764705882352941,0.0,0.10692336725967674,0.12253378472602318,0.953761531974144,mbert_filtered,input_x_gradient
video_144,IMPLICIT SEXISM,64,0.0,0.047619047619047616,,,0.953761531974144,mbert_filtered,input_x_gradient
video_148,STEREOTYPE,50,0.03581501199917973,0.0,0.11558227291379686,0.10269977663073704,0.8512979298882267,mbert_filtered,input_x_gradient
video_148,INEQUALITY\/DISCRIMINATION,23,0.0,0.03810107659487205,,,0.8512979298882267,mbert_filtered,input_x_gradient
video_148,IRONY,5,0.0,0.027550009230138256,,,0.8512979298882267,mbert_filtered,input_x_gradient
video_148,OBJECTIFICATION,15,0.0,0.03255910181743612,,,0.8512979298882267,mbert_filtered,input_x_gradient
video_148,IMPLICIT SEXISM,15,0.0,0.03255910181743612,,,0.8512979298882267,mbert_filtered,input_x_gradient
video_150,STEREOTYPE,34,0.0,0.20489757519575244,,,0.6082500494152956,mbert_filtered,input_x_gradient
video_150,INEQUALITY\/DISCRIMINATION,13,0.0,0.08537398966489686,,,0.6082500494152956,mbert_filtered,input_x_gradient
video_151,INEQUALITY\/DISCRIMINATION,44,0.0,0.0,,,0.0,mbert_filtered,input_x_gradient
video_201,STEREOTYPE,106,0.032328913247486664,0.0,0.07713126984496115,0.0910590761536155,0.8592941763679689,mbert_filtered,input_x_gradient
video_201,IMPLICIT SEXISM,27,0.0,0.04337803549662768,,,0.8592941763679689,mbert_filtered,input_x_gradient
video_201,OBJECTIFICATION,43,0.0,0.05439467943227915,,,0.8592941763679689,mbert_filtered,input_x_gradient
video_356,INEQUALITY\/DISCRIMINATION,40,0.03679261704167951,0.0,0.13170627767244203,0.32905925800920466,0.9103750735048983,mbert_filtered,input_x_gradient
video_356,IMPLICIT SEXISM,5,0.29434093633343605,0.0,-0.05129891760425771,0.5642880936468347,0.9103750735048983,mbert_filtered,input_x_gradient
video_357,INEQUALITY\/DISCRIMINATION,95,0.02906474335407763,0.0,0.22817408125134814,0.23664735767124456,0.8387675667639309,mbert_filtered,input_x_gradient
video_59,STEREOTYPE,56,0.004851138134467573,0.0,0.21283645198172974,0.22969851718749998,0.9351530779109262,mbert_filtered,input_x_gradient
video_59,INEQUALITY\/DISCRIMINATION,56,0.004851138134467573,0.0,0.21283645198172974,0.22969851718749998,0.9351530779109262,mbert_filtered,input_x_gradient
video_59,IRONY,56,0.004851138134467573,0.0,0.21283645198172974,0.22969851718749998,0.9351530779109262,mbert_filtered,input_x_gradient
video_59,IMPLICIT SEXISM,56,0.004851138134467573,0.0,0.21283645198172974,0.22969851718749998,0.9351530779109262,mbert_filtered,input_x_gradient
video_59,JOKE,56,0.004851138134467573,0.0,0.21283645198172974,0.22969851718749998,0.9351530779109262,mbert_filtered,input_x_gradient
video_62,STEREOTYPE,64,0.057816753102799615,0.0,0.04742433632582777,0.18013519917494575,0.7274633435971786,mbert_filtered,input_x_gradient
video_62,IRONY,8,0.0,0.06607628926034241,,,0.7274633435971786,mbert_filtered,input_x_gradient
video_76,INEQUALITY\/DISCRIMINATION,73,0.0136986301369863,0.0,0.16783173835313633,0.19024747953151458,0.9476550929449863,mbert_filtered,input_x_gradient
video_76,STEREOTYPE,22,0.0,0.0196078431372549,,,0.9476550929449863,mbert_filtered,input_x_gradient
video_76,IMPLICIT SEXISM,22,0.0,0.0196078431372549,,,0.9476550929449863,mbert_filtered,input_x_gradient
video_37,CRITIQUE,21,0.08793487905749832,0.0,0.19408544757820023,0.4283001096448926,0.699284951407173,mbert_filtered,input_x_gradient
video_37,IRONY,21,0.08793487905749832,0.0,0.19408544757820023,0.4283001096448926,0.699284951407173,mbert_filtered,input_x_gradient
video_37,JOKE,21,0.08793487905749832,0.0,0.19408544757820023,0.4283001096448926,0.699284951407173,mbert_filtered,input_x_gradient
video_390,CRITIQUE,40,0.025,0.0,-0.14566799115586984,-0.13190628263758855,0.9152186444228599,mbert_filtered,input_x_gradient
video_099,CRITIQUE,67,0.014925373134328358,0.0,,,0.9438843463479044,mbert_filtered,input_x_gradient
video_399,CRITIQUE,69,0.014492753623188406,0.0,0.1400913499539969,0.1493848508240327,0.9452056244772565,mbert_filtered,input_x_gradient
video_399,STEREOTYPE,69,0.014492753623188406,0.0,0.1400913499539969,0.1493848508240327,0.9452056244772565,mbert_filtered,input_x_gradient
video_399,REPORTED SEXISM,69,0.014492753623188406,0.0,0.1400913499539969,0.1493848508240327,0.9452056244772565,mbert_filtered,input_x_gradient
video_133,CRITIQUE,81,0.03643393189108975,0.0,0.03556533671566263,0.022708936925217554,0.8049654040905596,mbert_filtered,input_x_gradient
video_136,CRITIQUE,47,0.0,0.0,,,0.0,mbert_filtered,input_x_gradient
video_166,JOKE,30,0.03333333333333333,0.0,0.1394831586522837,0.10734253018329497,0.8937772036120079,mbert_filtered,input_x_gradient
video_166,CRITIQUE,30,0.03333333333333333,0.0,0.1394831586522837,0.10734253018329497,0.8937772036120079,mbert_filtered,input_x_gradient
video_214,CRITIQUE,35,0.0,0.0,,,0.0,mbert_filtered,input_x_gradient
video_215,CRITIQUE,58,0.017241379310344827,0.0,-0.21767215635778503,-0.22167760948182821,0.9386538169042495,mbert_filtered,input_x_gradient
video_217,CRITIQUE,85,0.02807531366470575,0.0,-0.08744866695097184,0.027962918787806313,0.88977106782984,mbert_filtered,input_x_gradient
video_217,REPORTED SEXISM,14,0.0,0.0336112910070421,,,0.88977106782984,mbert_filtered,input_x_gradient
video_352,CRITIQUE,67,0.016733878983006437,0.0,0.22290651318389562,0.2769958508056286,0.9178838912655479,mbert_filtered,input_x_gradient
video_359,CRITIQUE,62,0.024064515289898097,0.0,0.00016458997689448277,0.005353087769359639,0.8978390329396607,mbert_filtered,input_x_gradient
video_362,CRITIQUE,95,0.06624147673336588,0.0,0.18638735963360245,0.1909319858447556,0.47477934628056656,mbert_filtered,input_x_gradient
video_364,CRITIQUE,78,0.01865159585546167,0.0,-0.174437179065059,-0.08893790369666925,0.8507877982728416,mbert_filtered,input_x_gradient
video_45,CRITIQUE,61,0.0898460601517819,0.0,0.5400134857252917,0.5327925133461543,0.5624435379550413,mbert_filtered,input_x_gradient
video_55,CRITIQUE,98,0.023401337614103967,0.0,0.17704193817339262,0.30304109727060197,0.8008136377283932,mbert_filtered,input_x_gradient
video_55,REPORTED SEXISM,49,0.0,0.046802675228207934,,,0.8008136377283932,mbert_filtered,input_x_gradient
video_60,CRITIQUE,25,0.17123644996455578,0.0,-0.017371677885866254,0.26029114546457977,0.4683778174201618,mbert_filtered,input_x_gradient
video_78,CRITIQUE,73,0.0136986301369863,0.0,0.11751396156685154,0.13154841833692077,0.9476550929449863,mbert_filtered,input_x_gradient
video_124,CRITIQUE,83,0.028129690724452063,0.0,-0.2266489555625465,-0.16718613978816999,0.8451878057924967,mbert_filtered,input_x_gradient
video_124,REPORTED SEXISM,83,0.028129690724452063,0.0,-0.2266489555625465,-0.16718613978816999,0.8451878057924967,mbert_filtered,input_x_gradient
video_04,JOKE,49,0.05726413791348718,0.0,,,0.7198357334894703,mbert_filtered,ig
video_04,IDEOLOGICAL AND INEQUALITY,29,0.0967566468193404,0.0,,,0.7198357334894703,mbert_filtered,ig
video_04,INEQUALITY\/DISCRIMINATION,24,0.0,0.07583629075029383,,,0.7198357334894703,mbert_filtered,ig
video_04,IRONY,12,0.0,0.05726413791348718,,,0.7198357334894703,mbert_filtered,ig
video_05,IRONY,86,0.004314652741424792,0.0,,,0.9542016542350434,mbert_filtered,ig
video_05,JOKE,53,0.007001134637028908,0.0,,,0.9542016542350434,mbert_filtered,ig
video_05,INEQUALITY\/DISCRIMINATION,86,0.004314652741424792,0.0,,,0.9542016542350434,mbert_filtered,ig
video_05,IDEOLOGICAL AND INEQUALITY,45,0.0,0.009050247213720296,,,0.9542016542350434,mbert_filtered,ig
video_05,IMPLICIT SEXISM,7,0.0,0.004696963743829521,,,0.9542016542350434,mbert_filtered,ig
video_30,INEQUALITY\/DISCRIMINATION,59,0.03921511572477248,0.0,-0.08672404379724577,0.062365818849913005,0.7801777614161136,mbert_filtered,ig
video_30,IRONY,59,0.03921511572477248,0.0,-0.08672404379724577,0.062365818849913005,0.7801777614161136,mbert_filtered,ig
video_30,JOKE,59,0.03921511572477248,0.0,-0.08672404379724577,0.062365818849913005,0.7801777614161136,mbert_filtered,ig
video_30,IDEOLOGICAL AND INEQUALITY,12,0.0,0.04922748569705481,,,0.7801777614161136,mbert_filtered,ig
video_106,IMPLICIT SEXISM,63,0.0297718895740874,0.0,0.19690346070428494,0.17968901392362163,0.87219824190858,mbert_filtered,ig
video_106,STEREOTYPE,63,0.0297718895740874,0.0,0.19690346070428494,0.17968901392362163,0.87219824190858,mbert_filtered,ig
video_107,IMPLICIT SEXISM,28,0.0,0.15322575811525926,,,0.6659987864209032,mbert_filtered,ig
video_107,INEQUALITY\/DISCRIMINATION,28,0.0,0.15322575811525926,,,0.6659987864209032,mbert_filtered,ig
video_327,STEREOTYPE,54,0.025299630062026048,0.0,0.1472697182383717,0.26872338504600723,0.8878488750586253,mbert_filtered,ig
video_327,IMPLICIT SEXISM,54,0.025299630062026048,0.0,0.1472697182383717,0.26872338504600723,0.8878488750586253,mbert_filtered,ig
video_373,STEREOTYPE,31,0.0636301872633216,0.0,-0.19434993748534724,-0.16968629334245025,0.8661256405692006,mbert_filtered,ig
video_373,INEQUALITY\/DISCRIMINATION,59,0.033432810256999484,0.0,-0.13588355988847692,-0.11299379490690158,0.8661256405692006,mbert_filtered,ig
video_375,STEREOTYPE,74,0.03869769469649024,0.0,0.17786807291696155,0.30675654421358456,0.8283118955854396,mbert_filtered,ig
video_375,IMPLICIT SEXISM,74,0.03869769469649024,0.0,0.17786807291696155,0.30675654421358456,0.8283118955854396,mbert_filtered,ig
video_375,IRONY,70,0.04090899153628968,0.0,0.21288424490336727,0.33795716798683834,0.8283118955854396,mbert_filtered,ig
video_375,INEQUALITY\/DISCRIMINATION,74,0.03869769469649024,0.0,0.17786807291696155,0.30675654421358456,0.8283118955854396,mbert_filtered,ig
video_383,STEREOTYPE,74,0.0510093698162768,0.0,-0.0035704243411129517,-0.10252207997546499,0.6417453962601719,mbert_filtered,ig
video_383,IMPLICIT SEXISM,37,0.0,0.1020187396325536,,,0.6417453962601719,mbert_filtered,ig
video_144,INEQUALITY\/DISCRIMINATION,85,0.011764705882352941,0.0,0.10692336725967674,0.12253378472602318,0.953761531974144,mbert_filtered,ig
video_144,STEREOTYPE,85,0.011764705882352941,0.0,0.10692336725967674,0.12253378472602318,0.953761531974144,mbert_filtered,ig
video_144,IMPLICIT SEXISM,64,0.0,0.047619047619047616,,,0.953761531974144,mbert_filtered,ig
video_148,STEREOTYPE,50,0.04302777153177715,0.0,0.1192580342432109,0.10924311730208314,0.8501732850687237,mbert_filtered,ig
video_148,INEQUALITY\/DISCRIMINATION,23,0.0,0.045774225033805474,,,0.8501732850687237,mbert_filtered,ig
video_148,IRONY,5,0.0,0.03309828579367473,,,0.8501732850687237,mbert_filtered,ig
video_148,OBJECTIFICATION,15,0.0,0.03911615593797923,,,0.8501732850687237,mbert_filtered,ig
video_148,IMPLICIT SEXISM,15,0.0,0.03911615593797923,,,0.8501732850687237,mbert_filtered,ig
video_150,STEREOTYPE,34,0.0,0.3733598180607816,,,0.5898905995478924,mbert_filtered,ig
video_150,INEQUALITY\/DISCRIMINATION,13,0.0,0.155566590858659,,,0.5898905995478924,mbert_filtered,ig
video_201,STEREOTYPE,106,0.01878917795612965,0.0,0.07413514739953912,0.08777165394238463,0.8674294657515805,mbert_filtered,ig
video_201,IMPLICIT SEXISM,27,0.0,0.025210795738604335,,,0.8674294657515805,mbert_filtered,ig
video_201,OBJECTIFICATION,43,0.0,0.03161353751348798,,,0.8674294657515805,mbert_filtered,ig
video_356,INEQUALITY\/DISCRIMINATION,40,0.02653956947560853,0.0,0.13170627767244203,0.32905925800920466,0.9287004168756198,mbert_filtered,ig
video_356,IMPLICIT SEXISM,5,0.21231655580486825,0.0,-0.05129891760425771,0.5642880936468347,0.9287004168756198,mbert_filtered,ig
video_357,INEQUALITY\/DISCRIMINATION,95,0.02462098957830266,0.0,0.22495053247747968,0.23343728316811338,0.8344807511269612,mbert_filtered,ig
video_59,STEREOTYPE,56,0.017857142857142856,0.0,0.21283645198172974,0.22969851718749998,0.9351530779109262,mbert_filtered,ig
video_59,INEQUALITY\/DISCRIMINATION,56,0.017857142857142856,0.0,0.21283645198172974,0.22969851718749998,0.9351530779109262,mbert_filtered,ig
video_59,IRONY,56,0.017857142857142856,0.0,0.21283645198172974,0.22969851718749998,0.9351530779109262,mbert_filtered,ig
video_59,IMPLICIT SEXISM,56,0.017857142857142856,0.0,0.21283645198172974,0.22969851718749998,0.9351530779109262,mbert_filtered,ig
video_59,JOKE,56,0.017857142857142856,0.0,0.21283645198172974,0.22969851718749998,0.9351530779109262,mbert_filtered,ig
video_62,STEREOTYPE,64,0.054223842940276476,0.0,0.032954610705647085,0.1599348917564214,0.7385525005340688,mbert_filtered,ig
video_62,IRONY,8,0.0,0.06197010621745883,,,0.7385525005340688,mbert_filtered,ig
video_76,INEQUALITY\/DISCRIMINATION,73,0.0136986301369863,0.0,0.16783173835313633,0.19024747953151458,0.9476550929449863,mbert_filtered,ig
video_76,STEREOTYPE,22,0.0,0.0196078431372549,,,0.9476550929449863,mbert_filtered,ig
video_76,IMPLICIT SEXISM,22,0.0,0.0196078431372549,,,0.9476550929449863,mbert_filtered,ig
video_37,CRITIQUE,21,0.11122096361691172,0.0,0.19408544757820023,0.4283001096448926,0.6939003814247959,mbert_filtered,ig
video_37,IRONY,21,0.11122096361691172,0.0,0.19408544757820023,0.4283001096448926,0.6939003814247959,mbert_filtered,ig
video_37,JOKE,21,0.11122096361691172,0.0,0.19408544757820023,0.4283001096448926,0.6939003814247959,mbert_filtered,ig
video_390,CRITIQUE,40,0.025,0.0,-0.14566799115586984,-0.13190628263758855,0.9152186444228599,mbert_filtered,ig
video_099,CRITIQUE,67,0.014925373134328358,0.0,,,0.9438843463479044,mbert_filtered,ig
video_399,CRITIQUE,69,0.014492753623188406,0.0,0.1400913499539969,0.1493848508240327,0.9452056244772565,mbert_filtered,ig
video_399,STEREOTYPE,69,0.014492753623188406,0.0,0.1400913499539969,0.1493848508240327,0.9452056244772565,mbert_filtered,ig
video_399,REPORTED SEXISM,69,0.014492753623188406,0.0,0.1400913499539969,0.1493848508240327,0.9452056244772565,mbert_filtered,ig
video_133,CRITIQUE,81,0.024718240133837218,0.0,0.03827092061305046,0.02517635026420754,0.8242100029359135,mbert_filtered,ig
video_136,CRITIQUE,47,0.0,0.0,,,0.0,mbert_filtered,ig
video_166,JOKE,30,0.03333333333333333,0.0,0.1394831586522837,0.10734253018329497,0.8937772036120079,mbert_filtered,ig
video_166,CRITIQUE,30,0.03333333333333333,0.0,0.1394831586522837,0.10734253018329497,0.8937772036120079,mbert_filtered,ig
video_214,CRITIQUE,35,0.0,0.0,,,0.0,mbert_filtered,ig
video_215,CRITIQUE,58,0.017241379310344827,0.0,-0.21767215635778503,-0.22167760948182821,0.9386538169042495,mbert_filtered,ig
video_217,CRITIQUE,85,0.02027183715619782,0.0,-0.08744866695097184,0.027962918787806313,0.9041406066252929,mbert_filtered,ig
video_217,REPORTED SEXISM,14,0.0,0.024269100820800207,,,0.9041406066252929,mbert_filtered,ig
video_352,CRITIQUE,67,0.025586223224922502,0.0,0.22168770478860092,0.27686033424456913,0.9091461441898163,mbert_filtered,ig
video_359,CRITIQUE,62,0.02107735619091125,0.0,0.00016458997689448277,0.005353087769359639,0.900156247300916,mbert_filtered,ig
video_362,CRITIQUE,95,0.12136614492872318,0.0,0.18582169238130017,0.15485645689996036,0.4285375185849275,mbert_filtered,ig
video_364,CRITIQUE,78,0.03879626164486197,0.0,-0.17455635049396767,-0.08947439239189045,0.8343536639221867,mbert_filtered,ig
video_45,CRITIQUE,61,0.06607311470369599,0.0,0.5475085610584887,0.5472895855351061,0.5743011227650126,mbert_filtered,ig
video_55,CRITIQUE,98,0.028837475669678075,0.0,0.1762018513289434,0.31004385360432035,0.8025702512874827,mbert_filtered,ig
video_55,REPORTED SEXISM,49,0.0,0.05767495133935615,,,0.8025702512874827,mbert_filtered,ig
video_60,CRITIQUE,25,0.14612448322299587,0.0,0.014765926202986316,0.28549462866482295,0.45821198083595993,mbert_filtered,ig
video_78,CRITIQUE,73,0.0136986301369863,0.0,0.11751396156685154,0.13154841833692077,0.9476550929449863,mbert_filtered,ig
video_124,CRITIQUE,83,0.03396310730706118,0.0,-0.22608882558923982,-0.1662179048857924,0.8473200478511155,mbert_filtered,ig
video_124,REPORTED SEXISM,83,0.03396310730706118,0.0,-0.22608882558923982,-0.1662179048857924,0.8473200478511155,mbert_filtered,ig
video_04,JOKE,49,0.08425655976676384,0.0,,,0.7543635119380012,mbert_filtered,lrp
video_04,IDEOLOGICAL AND INEQUALITY,29,0.14236453201970442,0.0,,,0.7543635119380012,mbert_filtered,lrp
video_04,INEQUALITY\/DISCRIMINATION,24,0.0,0.11158301158301157,,,0.7543635119380012,mbert_filtered,lrp
video_04,IRONY,12,0.0,0.08425655976676384,,,0.7543635119380012,mbert_filtered,lrp
video_05,IRONY,86,0.010077519379844961,0.0,,,0.9542016542350434,mbert_filtered,lrp
video_05,JOKE,53,0.016352201257861635,0.0,,,0.9542016542350434,mbert_filtered,lrp
video_05,INEQUALITY\/DISCRIMINATION,86,0.010077519379844961,0.0,,,0.9542016542350434,mbert_filtered,lrp
video_05,IDEOLOGICAL AND INEQUALITY,45,0.0,0.02113821138211382,,,0.9542016542350434,mbert_filtered,lrp
video_05,IMPLICIT SEXISM,7,0.0,0.010970464135021098,,,0.9542016542350434,mbert_filtered,lrp
video_30,INEQUALITY\/DISCRIMINATION,59,0.03617992177314211,0.0,-0.04248765913800268,0.07466612906119195,0.8058199830074151,mbert_filtered,lrp
video_30,IRONY,59,0.03617992177314211,0.0,-0.04248765913800268,0.07466612906119195,0.8058199830074151,mbert_filtered,lrp
video_30,JOKE,59,0.03617992177314211,0.0,-0.04248765913800268,0.07466612906119195,0.8058199830074151,mbert_filtered,lrp
video_30,IDEOLOGICAL AND INEQUALITY,12,0.0,0.04541734860883797,,,0.8058199830074151,mbert_filtered,lrp
video_106,IMPLICIT SEXISM,63,0.03198653198653199,0.0,0.20099614233555185,0.1825908947691266,0.8517913975295904,mbert_filtered,lrp
video_106,STEREOTYPE,63,0.03198653198653199,0.0,0.20099614233555185,0.1825908947691266,0.8517913975295904,mbert_filtered,lrp
video_107,IMPLICIT SEXISM,28,0.0,0.14607007575757577,,,0.6681543213111358,mbert_filtered,lrp
video_107,INEQUALITY\/DISCRIMINATION,28,0.0,0.14607007575757577,,,0.6681543213111358,mbert_filtered,lrp
video_327,STEREOTYPE,54,0.020128824476650563,0.0,0.1472697182383717,0.26872338504600723,0.8999921834833208,mbert_filtered,lrp
video_327,IMPLICIT SEXISM,54,0.020128824476650563,0.0,0.1472697182383717,0.26872338504600723,0.8999921834833208,mbert_filtered,lrp
video_373,STEREOTYPE,31,0.061195445920303605,0.0,-0.17389204932899488,-0.14995532900030484,0.8597038362180435,mbert_filtered,lrp
video_373,INEQUALITY\/DISCRIMINATION,59,0.03215353938185444,0.0,-0.12758298043827582,-0.10574368110400142,0.8597038362180435,mbert_filtered,lrp
video_375,STEREOTYPE,74,0.03316953316953317,0.0,0.17786807291696155,0.30811930096264534,0.8366947625707221,mbert_filtered,lrp
video_375,IMPLICIT SEXISM,74,0.03316953316953317,0.0,0.17786807291696155,0.30811930096264534,0.8366947625707221,mbert_filtered,lrp
video_375,IRONY,70,0.03506493506493506,0.0,0.2130410945956888,0.3396440116575793,0.8366947625707221,mbert_filtered,lrp
video_375,INEQUALITY\/DISCRIMINATION,74,0.03316953316953317,0.0,0.17786807291696155,0.30811930096264534,0.8366947625707221,mbert_filtered,lrp
video_383,STEREOTYPE,74,0.09324324324324325,0.0,0.015259844806005177,-0.08838559969379244,0.6321817602839043,mbert_filtered,lrp
video_383,IMPLICIT SEXISM,37,0.0,0.1864864864864865,,,0.6321817602839043,mbert_filtered,lrp
video_143,OBJECTIFICATION,44,0.022727272727272728,0.0,0.13816968865032075,0.19841849104930276,0.9730188943255537,mbert_filtered,lrp
video_143,STEREOTYPE,45,0.022222222222222223,0.0,0.10452749388792273,0.16266269795836466,0.9730188943255537,mbert_filtered,lrp
video_144,INEQUALITY\/DISCRIMINATION,85,0.0,0.0,,,0.0,mbert_filtered,lrp
video_144,STEREOTYPE,85,0.0,0.0,,,0.0,mbert_filtered,lrp
video_144,IMPLICIT SEXISM,64,0.0,0.0,,,0.0,mbert_filtered,lrp
video_148,STEREOTYPE,50,0.042105263157894736,0.0,0.12375063142360582,0.11271926703373575,0.8521694388100594,mbert_filtered,lrp
video_148,INEQUALITY\/DISCRIMINATION,23,0.0,0.04479283314669653,,,0.8521694388100594,mbert_filtered,lrp
video_148,IRONY,5,0.0,0.032388663967611336,,,0.8521694388100594,mbert_filtered,lrp
video_148,OBJECTIFICATION,15,0.0,0.03827751196172249,,,0.8521694388100594,mbert_filtered,lrp
video_148,IMPLICIT SEXISM,15,0.0,0.03827751196172249,,,0.8521694388100594,mbert_filtered,lrp
video_150,STEREOTYPE,34,0.0,0.34027777777777773,,,0.5699401817672836,mbert_filtered,lrp
video_150,INEQUALITY\/DISCRIMINATION,13,0.0,0.14178240740740738,,,0.5699401817672836,mbert_filtered,lrp
video_151,INEQUALITY\/DISCRIMINATION,44,0.0,0.0,,,0.0,mbert_filtered,lrp
video_201,STEREOTYPE,106,0.03632075471698113,0.0,0.08168839726194758,0.09540451930639196,0.8452237820638088,mbert_filtered,lrp
video_201,IMPLICIT SEXISM,27,0.0,0.048734177215189876,,,0.8452237820638088,mbert_filtered,lrp
video_201,OBJECTIFICATION,43,0.0,0.06111111111111111,,,0.8452237820638088,mbert_filtered,lrp
video_356,INEQUALITY\/DISCRIMINATION,40,0.04097222222222222,0.0,0.1308805329848405,0.3298850026968062,0.8977747186064781,mbert_filtered,lrp
video_356,IMPLICIT SEXISM,5,0.3277777777777778,0.0,-0.15389675281277312,0.6668859288553503,0.8977747186064781,mbert_filtered,lrp
video_357,INEQUALITY\/DISCRIMINATION,95,0.024401913875598088,0.0,0.23123146771728526,0.24113813547355234,0.8347434125394768,mbert_filtered,lrp
video_59,STEREOTYPE,56,0.007936507936507936,0.0,0.21283645198172974,0.22969851718749998,0.9351530779109262,mbert_filtered,lrp
video_59,INEQUALITY\/DISCRIMINATION,56,0.007936507936507936,0.0,0.21283645198172974,0.22969851718749998,0.9351530779109262,mbert_filtered,lrp
video_59,IRONY,56,0.007936507936507936,0.0,0.21283645198172974,0.22969851718749998,0.9351530779109262,mbert_filtered,lrp
video_59,IMPLICIT SEXISM,56,0.007936507936507936,0.0,0.21283645198172974,0.22969851718749998,0.9351530779109262,mbert_filtered,lrp
video_59,JOKE,56,0.007936507936507936,0.0,0.21283645198172974,0.22969851718749998,0.9351530779109262,mbert_filtered,lrp
video_62,STEREOTYPE,64,0.073486328125,0.0,0.04413025780379341,0.17578229092853223,0.7053868255932698,mbert_filtered,lrp
video_62,IRONY,8,0.0,0.083984375,,,0.7053868255932698,mbert_filtered,lrp
video_76,INEQUALITY\/DISCRIMINATION,73,0.0136986301369863,0.0,0.16783173835313633,0.19024747953151458,0.9476550929449863,mbert_filtered,lrp
video_76,STEREOTYPE,22,0.0,0.0196078431372549,,,0.9476550929449863,mbert_filtered,lrp
video_76,IMPLICIT SEXISM,22,0.0,0.0196078431372549,,,0.9476550929449863,mbert_filtered,lrp
video_37,CRITIQUE,21,0.08571428571428572,0.0,0.15782772660205294,0.4048316104862683,0.6994262332758885,mbert_filtered,lrp
video_37,IRONY,21,0.08571428571428572,0.0,0.15782772660205294,0.4048316104862683,0.6994262332758885,mbert_filtered,lrp
video_37,JOKE,21,0.08571428571428572,0.0,0.15782772660205294,0.4048316104862683,0.6994262332758885,mbert_filtered,lrp
video_390,CRITIQUE,40,0.025,0.0,-0.14566799115586984,-0.13190628263758855,0.9152186444228599,mbert_filtered,lrp
video_099,CRITIQUE,67,0.0,0.0,,,0.0,mbert_filtered,lrp
video_399,CRITIQUE,69,0.014492753623188406,0.0,0.1400913499539969,0.1493848508240327,0.9452056244772565,mbert_filtered,lrp
video_399,STEREOTYPE,69,0.014492753623188406,0.0,0.1400913499539969,0.1493848508240327,0.9452056244772565,mbert_filtered,lrp
video_399,REPORTED SEXISM,69,0.014492753623188406,0.0,0.1400913499539969,0.1493848508240327,0.9452056244772565,mbert_filtered,lrp
video_133,CRITIQUE,81,0.03649691358024692,0.0,0.08452936220613382,0.05533187588693915,0.8058681732252514,mbert_filtered,lrp
video_136,CRITIQUE,47,0.0,0.0,,,0.0,mbert_filtered,lrp
video_166,JOKE,30,0.03333333333333333,0.0,0.1394831586522837,0.10734253018329497,0.8937772036120079,mbert_filtered,lrp
video_166,CRITIQUE,30,0.03333333333333333,0.0,0.1394831586522837,0.10734253018329497,0.8937772036120079,mbert_filtered,lrp
video_214,CRITIQUE,35,0.0,0.0,,,0.0,mbert_filtered,lrp
video_215,CRITIQUE,58,0.017241379310344827,0.0,-0.21767215635778503,-0.22167760948182821,0.9386538169042495,mbert_filtered,lrp
video_217,CRITIQUE,85,0.022222222222222223,0.0,-0.08744866695097184,0.027962918787806313,0.8918276598565803,mbert_filtered,lrp
video_217,REPORTED SEXISM,14,0.0,0.026604068857589983,,,0.8918276598565803,mbert_filtered,lrp
video_352,CRITIQUE,67,0.018995929443690638,0.0,0.22290651318389562,0.2769958508056286,0.912654871461038,mbert_filtered,lrp
video_359,CRITIQUE,62,0.020039100684261974,0.0,0.010039988590563449,0.015071000950658676,0.9016493406694536,mbert_filtered,lrp
video_362,CRITIQUE,95,0.1254751461988304,0.0,0.29074591369420716,0.2979935442640701,0.4654948442612266,mbert_filtered,lrp
video_364,CRITIQUE,78,0.02628205128205128,0.0,-0.09646463907377036,0.00033105907643270107,0.8578753458902786,mbert_filtered,lrp
video_45,CRITIQUE,61,0.05775652701882209,0.0,0.4995250234183768,0.4982383117434795,0.5827840754577179,mbert_filtered,lrp
video_55,CRITIQUE,98,0.019432773109243698,0.0,0.17497976671297297,0.3344777930070414,0.8257588635647459,mbert_filtered,lrp
video_55,REPORTED SEXISM,49,0.0,0.038865546218487396,,,0.8257588635647459,mbert_filtered,lrp
video_60,CRITIQUE,25,0.14555555555555555,0.0,-0.029539093267281883,0.24753280970070696,0.4646200876162113,mbert_filtered,lrp
video_78,CRITIQUE,73,0.0136986301369863,0.0,0.11751396156685154,0.13154841833692077,0.9476550929449863,mbert_filtered,lrp
video_124,CRITIQUE,83,0.029179216867469878,0.0,-0.226750797375875,-0.1676192975076547,0.8505411382078699,mbert_filtered,lrp
video_124,REPORTED SEXISM,83,0.029179216867469878,0.0,-0.226750797375875,-0.1676192975076547,0.8505411382078699,mbert_filtered,lrp
video_04,JOKE,49,0.026905753986031216,0.0,,,0.750489965837719,mrbert_filtered,saliency
video_04,IDEOLOGICAL AND INEQUALITY,29,0.04546144639019068,0.0,,,0.750489965837719,mrbert_filtered,saliency
video_04,INEQUALITY\/DISCRIMINATION,24,0.0,0.03563194446798729,,,0.750489965837719,mrbert_filtered,saliency
video_04,IRONY,12,0.0,0.026905753986031216,,,0.750489965837719,mrbert_filtered,saliency
video_05,IRONY,86,0.011627906976744186,0.0,,,0.9542016542350434,mrbert_filtered,saliency
video_05,JOKE,53,0.018867924528301886,0.0,,,0.9542016542350434,mrbert_filtered,saliency
video_05,INEQUALITY\/DISCRIMINATION,86,0.011627906976744186,0.0,,,0.9542016542350434,mrbert_filtered,saliency
video_05,IDEOLOGICAL AND INEQUALITY,45,0.0,0.024390243902439025,,,0.9542016542350434,mrbert_filtered,saliency
video_05,IMPLICIT SEXISM,7,0.0,0.012658227848101266,,,0.9542016542350434,mrbert_filtered,saliency
video_30,INEQUALITY\/DISCRIMINATION,59,0.0450032407502799,0.0,-0.07212140917328794,0.08235414754129068,0.7655772380124732,mrbert_filtered,saliency
video_30,IRONY,59,0.0450032407502799,0.0,-0.07212140917328794,0.08235414754129068,0.7655772380124732,mrbert_filtered,saliency
video_30,JOKE,59,0.0450032407502799,0.0,-0.07212140917328794,0.08235414754129068,0.7655772380124732,mrbert_filtered,saliency
video_30,IDEOLOGICAL AND INEQUALITY,12,0.0,0.05649342987801094,,,0.7655772380124732,mrbert_filtered,saliency
video_106,IMPLICIT SEXISM,63,0.029109954516396034,0.0,0.2187958772494708,0.17562342168505196,0.897827298738546,mrbert_filtered,saliency
video_106,STEREOTYPE,63,0.029109954516396034,0.0,0.2187958772494708,0.17562342168505196,0.897827298738546,mrbert_filtered,saliency
video_107,IMPLICIT SEXISM,28,0.0,0.08863681641769044,,,0.87770856017323,mrbert_filtered,saliency
video_107,INEQUALITY\/DISCRIMINATION,28,0.0,0.08863681641769044,,,0.87770856017323,mrbert_filtered,saliency
video_327,STEREOTYPE,54,0.03512716441513845,0.0,0.1472697182383717,0.26872338504600723,0.8847793308814613,mrbert_filtered,saliency
video_327,IMPLICIT SEXISM,54,0.03512716441513845,0.0,0.1472697182383717,0.26872338504600723,0.8847793308814613,mrbert_filtered,saliency
video_373,STEREOTYPE,31,0.07746013997214302,0.0,-0.19592362118968207,-0.17284324763719347,0.8536738717387666,mrbert_filtered,saliency
video_373,INEQUALITY\/DISCRIMINATION,59,0.04069939557858362,0.0,-0.13619098875700286,-0.11453637231177395,0.8536738717387666,mrbert_filtered,saliency
video_375,STEREOTYPE,74,0.03417252678612116,0.0,0.17923026378747245,0.3083918523124575,0.8243096100199458,mrbert_filtered,saliency
video_375,IMPLICIT SEXISM,74,0.03417252678612116,0.0,0.17923026378747245,0.3083918523124575,0.8243096100199458,mrbert_filtered,saliency
video_375,IRONY,70,0.03612524260247094,0.0,0.2145311666727431,0.3397224695027301,0.8243096100199458,mrbert_filtered,saliency
video_375,INEQUALITY\/DISCRIMINATION,74,0.03417252678612116,0.0,0.17923026378747245,0.3083918523124575,0.8243096100199458,mrbert_filtered,saliency
video_383,STEREOTYPE,74,0.026550525217859604,0.0,0.0056705714021967005,0.005671622734575388,0.9098480431553175,mrbert_filtered,saliency
video_383,IMPLICIT SEXISM,37,0.0,0.05310105043571921,,,0.9098480431553175,mrbert_filtered,saliency
video_143,OBJECTIFICATION,44,0.022727272727272728,0.0,0.13816968865032075,0.19841849104930276,0.9730188943255537,mrbert_filtered,saliency
video_143,STEREOTYPE,45,0.022222222222222223,0.0,0.10452749388792273,0.16266269795836466,0.9730188943255537,mrbert_filtered,saliency
video_144,INEQUALITY\/DISCRIMINATION,85,0.011764705882352941,0.0,0.10692336725967674,0.12253378472602318,0.953761531974144,mrbert_filtered,saliency
video_144,STEREOTYPE,85,0.011764705882352941,0.0,0.10692336725967674,0.12253378472602318,0.953761531974144,mrbert_filtered,saliency
video_144,IMPLICIT SEXISM,64,0.0,0.047619047619047616,,,0.953761531974144,mrbert_filtered,saliency
video_148,STEREOTYPE,50,0.03420715734958928,0.0,0.20260128910945327,0.23509922492533813,0.9061143349038095,mrbert_filtered,saliency
video_148,INEQUALITY\/DISCRIMINATION,23,0.0,0.03639059292509498,,,0.9061143349038095,mrbert_filtered,saliency
video_148,IRONY,5,0.0,0.026313197961222525,,,0.9061143349038095,mrbert_filtered,saliency
video_148,OBJECTIFICATION,15,0.0,0.031097415772353892,,,0.9061143349038095,mrbert_filtered,saliency
video_148,IMPLICIT SEXISM,15,0.0,0.031097415772353892,,,0.9061143349038095,mrbert_filtered,saliency
video_150,STEREOTYPE,34,0.0,0.5096128529814508,,,0.5412776959941293,mrbert_filtered,saliency
video_150,INEQUALITY\/DISCRIMINATION,13,0.0,0.21233868874227116,,,0.5412776959941293,mrbert_filtered,saliency
video_151,INEQUALITY\/DISCRIMINATION,44,0.0,0.0,,,0.0,mrbert_filtered,saliency
video_201,STEREOTYPE,106,0.038600218194316936,0.0,0.08337528973121881,0.09720567400449928,0.8416028538300956,mrbert_filtered,saliency
video_201,IMPLICIT SEXISM,27,0.0,0.0517926978303493,,,0.8416028538300956,mrbert_filtered,saliency
video_201,OBJECTIFICATION,43,0.0,0.0649463988666285,,,0.8416028538300956,mrbert_filtered,saliency
video_356,INEQUALITY\/DISCRIMINATION,40,0.042450955902063325,0.0,0.13170627767244203,0.32905925800920466,0.8939615785288142,mrbert_filtered,saliency
video_356,IMPLICIT SEXISM,5,0.3396076472165066,0.0,-0.05129891760425771,0.5642880936468347,0.8939615785288142,mrbert_filtered,saliency
video_357,INEQUALITY\/DISCRIMINATION,95,0.010526315789473684,0.0,-0.1129492892649397,-0.15639959777723395,0.957788854914895,mrbert_filtered,saliency
video_59,STEREOTYPE,56,0.015234224836879322,0.0,0.21283645198172974,0.22969851718749998,0.9351530779109262,mrbert_filtered,saliency
video_59,INEQUALITY\/DISCRIMINATION,56,0.015234224836879322,0.0,0.21283645198172974,0.22969851718749998,0.9351530779109262,mrbert_filtered,saliency
video_59,IRONY,56,0.015234224836879322,0.0,0.21283645198172974,0.22969851718749998,0.9351530779109262,mrbert_filtered,saliency
video_59,IMPLICIT SEXISM,56,0.015234224836879322,0.0,0.21283645198172974,0.22969851718749998,0.9351530779109262,mrbert_filtered,saliency
video_59,JOKE,56,0.015234224836879322,0.0,0.21283645198172974,0.22969851718749998,0.9351530779109262,mrbert_filtered,saliency
video_62,STEREOTYPE,64,0.057476957106894114,0.0,0.058560722012563675,0.18464521152542301,0.7039498151656195,mrbert_filtered,saliency
video_62,IRONY,8,0.0,0.06568795097930756,,,0.7039498151656195,mrbert_filtered,saliency
video_76,INEQUALITY\/DISCRIMINATION,73,0.0136986301369863,0.0,0.16783173835313633,0.19024747953151458,0.9476550929449863,mrbert_filtered,saliency
video_76,STEREOTYPE,22,0.0,0.0196078431372549,,,0.9476550929449863,mrbert_filtered,saliency
video_76,IMPLICIT SEXISM,22,0.0,0.0196078431372549,,,0.9476550929449863,mrbert_filtered,saliency
video_37,CRITIQUE,21,0.047619047619047616,0.0,0.14770978917519928,0.33245498310218435,0.8602659584251353,mrbert_filtered,saliency
video_37,IRONY,21,0.047619047619047616,0.0,0.14770978917519928,0.33245498310218435,0.8602659584251353,mrbert_filtered,saliency
video_37,JOKE,21,0.047619047619047616,0.0,0.14770978917519928,0.33245498310218435,0.8602659584251353,mrbert_filtered,saliency
video_390,CRITIQUE,40,0.025,0.0,-0.14566799115586984,-0.13190628263758855,0.9152186444228599,mrbert_filtered,saliency
video_099,CRITIQUE,67,0.014925373134328358,0.0,,,0.9438843463479044,mrbert_filtered,saliency
video_399,CRITIQUE,69,0.014492753623188406,0.0,0.1400913499539969,0.1493848508240327,0.9452056244772565,mrbert_filtered,saliency
video_399,STEREOTYPE,69,0.014492753623188406,0.0,0.1400913499539969,0.1493848508240327,0.9452056244772565,mrbert_filtered,saliency
video_399,REPORTED SEXISM,69,0.014492753623188406,0.0,0.1400913499539969,0.1493848508240327,0.9452056244772565,mrbert_filtered,saliency
video_133,CRITIQUE,81,0.04846650336582776,0.0,0.03914368961220783,0.02703236914751859,0.7670556209660476,mrbert_filtered,saliency
video_136,CRITIQUE,47,0.0,0.0,,,0.0,mrbert_filtered,saliency
video_166,JOKE,30,0.05388176212507488,0.0,-0.08642573358336644,-0.10885229027277404,0.8214158660454832,mrbert_filtered,saliency
video_166,CRITIQUE,30,0.05388176212507488,0.0,-0.08642573358336644,-0.10885229027277404,0.8214158660454832,mrbert_filtered,saliency
video_214,CRITIQUE,35,0.0,0.0,,,0.0,mrbert_filtered,saliency
video_215,CRITIQUE,58,0.017241379310344827,0.0,-0.21767215635778503,-0.22167760948182821,0.9386538169042495,mrbert_filtered,saliency
video_217,CRITIQUE,85,0.022277820519738267,0.0,-0.08420756251153023,0.02903429498657284,0.8899271953150497,mrbert_filtered,saliency
video_217,REPORTED SEXISM,14,0.0,0.026670630199686657,,,0.8899271953150497,mrbert_filtered,saliency
video_352,CRITIQUE,67,0.02521736393481248,0.0,0.22290651318389562,0.2769958508056286,0.9092054340579233,mrbert_filtered,saliency
video_359,CRITIQUE,62,0.025007967674672633,0.0,0.00016458997689448277,0.005353087769359639,0.8974411218969349,mrbert_filtered,saliency
video_362,CRITIQUE,95,0.07296318841087122,0.0,0.054478417208162225,0.0854975236855482,0.7369896445927832,mrbert_filtered,saliency
video_364,CRITIQUE,78,0.032264941320972775,0.0,-0.17187499334352271,-0.08574877645285438,0.829441568593431,mrbert_filtered,saliency
video_45,CRITIQUE,61,0.042657043257222256,0.0,0.21683345940796941,0.21332681373813633,0.8264727013298345,mrbert_filtered,saliency
video_55,CRITIQUE,98,0.02957596149541987,0.0,0.1840151223309427,0.23827032285177877,0.8563680088342084,mrbert_filtered,saliency
video_55,REPORTED SEXISM,49,0.0,0.05915192299083974,,,0.8563680088342084,mrbert_filtered,saliency
video_60,CRITIQUE,25,0.16882732537793715,0.0,0.01748527151428767,0.2891596172024881,0.535396763619092,mrbert_filtered,saliency
video_78,CRITIQUE,73,0.0136986301369863,0.0,0.11751396156685154,0.13154841833692077,0.9476550929449863,mrbert_filtered,saliency
video_124,CRITIQUE,83,0.008180657594081443,0.0,-0.18906956472879385,-0.18921372228340053,0.9528530666702709,mrbert_filtered,saliency
video_124,REPORTED SEXISM,83,0.008180657594081443,0.0,-0.18906956472879385,-0.18921372228340053,0.9528530666702709,mrbert_filtered,saliency
video_04,JOKE,49,0.048946191379777716,0.0,,,0.7661860188511194,mrbert_filtered,input_x_gradient
video_04,IDEOLOGICAL AND INEQUALITY,29,0.08270218543479683,0.0,,,0.7661860188511194,mrbert_filtered,input_x_gradient
video_04,INEQUALITY\/DISCRIMINATION,24,0.0,0.0648206318272732,,,0.7661860188511194,mrbert_filtered,input_x_gradient
video_04,IRONY,12,0.0,0.048946191379777716,,,0.7661860188511194,mrbert_filtered,input_x_gradient
video_05,IRONY,86,0.0011182296658763383,0.0,,,0.9542016542350434,mrbert_filtered,input_x_gradient
video_05,JOKE,53,0.001814485872931417,0.0,,,0.9542016542350434,mrbert_filtered,input_x_gradient
video_05,INEQUALITY\/DISCRIMINATION,86,0.0011182296658763383,0.0,,,0.9542016542350434,mrbert_filtered,input_x_gradient
video_05,IDEOLOGICAL AND INEQUALITY,45,0.0,0.002345554908911344,,,0.9542016542350434,mrbert_filtered,input_x_gradient
video_05,IMPLICIT SEXISM,7,0.0,0.0012173133071565203,,,0.9542016542350434,mrbert_filtered,input_x_gradient
video_30,INEQUALITY\/DISCRIMINATION,59,0.027311067891072006,0.0,-0.07802934531885866,0.07520748253431767,0.8394886021730478,mrbert_filtered,input_x_gradient
video_30,IRONY,59,0.027311067891072006,0.0,-0.07802934531885866,0.07520748253431767,0.8394886021730478,mrbert_filtered,input_x_gradient
video_30,JOKE,59,0.027311067891072006,0.0,-0.07802934531885866,0.07520748253431767,0.8394886021730478,mrbert_filtered,input_x_gradient
video_30,IDEOLOGICAL AND INEQUALITY,12,0.0,0.03428410650155848,,,0.8394886021730478,mrbert_filtered,input_x_gradient
video_106,IMPLICIT SEXISM,63,0.020752409725219394,0.0,0.21974510014426243,0.17855311807925706,0.9013710567552045,mrbert_filtered,input_x_gradient
video_106,STEREOTYPE,63,0.020752409725219394,0.0,0.21974510014426243,0.17855311807925706,0.9013710567552045,mrbert_filtered,input_x_gradient
video_107,IMPLICIT SEXISM,28,0.0,0.04646464646464646,,,0.9084616729993181,mrbert_filtered,input_x_gradient
video_107,INEQUALITY\/DISCRIMINATION,28,0.0,0.04646464646464646,,,0.9084616729993181,mrbert_filtered,input_x_gradient
video_327,STEREOTYPE,54,0.022638254693049212,0.0,0.1421432407047575,0.26627567691936826,0.8913474559444265,mrbert_filtered,input_x_gradient
video_327,IMPLICIT SEXISM,54,0.022638254693049212,0.0,0.1421432407047575,0.26627567691936826,0.8913474559444265,mrbert_filtered,input_x_gradient
video_373,STEREOTYPE,31,0.05113468098408486,0.0,-0.21638150934603437,-0.19257421197933886,0.8633150721009534,mrbert_filtered,input_x_gradient
video_373,INEQUALITY\/DISCRIMINATION,59,0.02686737475434967,0.0,-0.14449156820720394,-0.12178648611467413,0.8633150721009534,mrbert_filtered,input_x_gradient
video_375,STEREOTYPE,74,0.026574932596830404,0.0,0.17636966295939957,0.30505309827725857,0.8392968928036096,mrbert_filtered,input_x_gradient
video_375,IMPLICIT SEXISM,74,0.026574932596830404,0.0,0.17636966295939957,0.30505309827725857,0.8392968928036096,mrbert_filtered,input_x_gradient
video_375,IRONY,70,0.02809350017379214,0.0,0.21123732313399143,0.33603495078064505,0.8392968928036096,mrbert_filtered,input_x_gradient
video_375,INEQUALITY\/DISCRIMINATION,74,0.026574932596830404,0.0,0.17636966295939957,0.30505309827725857,0.8392968928036096,mrbert_filtered,input_x_gradient
video_383,STEREOTYPE,74,0.021777172856309545,0.0,-0.001767108297428739,-0.0017674359219374462,0.9098498427666023,mrbert_filtered,input_x_gradient
video_383,IMPLICIT SEXISM,37,0.0,0.04355434571261909,,,0.9098498427666023,mrbert_filtered,input_x_gradient
video_143,OBJECTIFICATION,44,0.022727272727272728,0.0,0.13816968865032075,0.19841849104930276,0.9730188943255537,mrbert_filtered,input_x_gradient
video_143,STEREOTYPE,45,0.022222222222222223,0.0,0.10452749388792273,0.16266269795836466,0.9730188943255537,mrbert_filtered,input_x_gradient
video_144,INEQUALITY\/DISCRIMINATION,85,0.011764705882352941,0.0,0.10692336725967674,0.12253378472602318,0.953761531974144,mrbert_filtered,input_x_gradient
video_144,STEREOTYPE,85,0.011764705882352941,0.0,0.10692336725967674,0.12253378472602318,0.953761531974144,mrbert_filtered,input_x_gradient
video_144,IMPLICIT SEXISM,64,0.0,0.047619047619047616,,,0.953761531974144,mrbert_filtered,input_x_gradient
video_148,STEREOTYPE,50,0.022271493212669684,0.0,0.20260128910945327,0.23509922492533813,0.9156906210057375,mrbert_filtered,input_x_gradient
video_148,INEQUALITY\/DISCRIMINATION,23,0.0,0.023693077885818814,,,0.9156906210057375,mrbert_filtered,input_x_gradient
video_148,IRONY,5,0.0,0.017131917855899757,,,0.9156906210057375,mrbert_filtered,input_x_gradient
video_148,OBJECTIFICATION,15,0.0,0.020246812011517894,,,0.9156906210057375,mrbert_filtered,input_x_gradient
video_148,IMPLICIT SEXISM,15,0.0,0.020246812011517894,,,0.9156906210057375,mrbert_filtered,input_x_gradient
video_150,STEREOTYPE,34,0.0,0.26595850658350656,,,0.6001322402229734,mrbert_filtered,input_x_gradient
video_150,INEQUALITY\/DISCRIMINATION,13,0.0,0.11081604440979438,,,0.6001322402229734,mrbert_filtered,input_x_gradient
video_151,INEQUALITY\/DISCRIMINATION,44,0.0,0.0,,,0.0,mrbert_filtered,input_x_gradient
video_201,STEREOTYPE,106,0.020430373434485467,0.0,0.08460898720874553,0.09842743628223645,0.863607132958869,mrbert_filtered,input_x_gradient
video_201,IMPLICIT SEXISM,27,0.0,0.0274129061272843,,,0.863607132958869,mrbert_filtered,input_x_gradient
video_201,OBJECTIFICATION,43,0.0,0.03437491403262634,,,0.863607132958869,mrbert_filtered,input_x_gradient
video_356,INEQUALITY\/DISCRIMINATION,40,0.05100031505986138,0.0,0.13170627767244203,0.32905925800920466,0.9017931033645373,mrbert_filtered,input_x_gradient
video_356,IMPLICIT SEXISM,5,0.408002520478891,0.0,-0.05129891760425771,0.5642880936468347,0.9017931033645373,mrbert_filtered,input_x_gradient
video_357,INEQUALITY\/DISCRIMINATION,95,0.010008501429785918,0.0,-0.1129492892649397,-0.15639959777723395,0.957788854914895,mrbert_filtered,input_x_gradient
video_59,STEREOTYPE,56,0.0014306006493506483,0.0,0.21283645198172974,0.22969851718749998,0.9351530779109262,mrbert_filtered,input_x_gradient
video_59,INEQUALITY\/DISCRIMINATION,56,0.0014306006493506483,0.0,0.21283645198172974,0.22969851718749998,0.9351530779109262,mrbert_filtered,input_x_gradient
video_59,IRONY,56,0.0014306006493506483,0.0,0.21283645198172974,0.22969851718749998,0.9351530779109262,mrbert_filtered,input_x_gradient
video_59,IMPLICIT SEXISM,56,0.0014306006493506483,0.0,0.21283645198172974,0.22969851718749998,0.9351530779109262,mrbert_filtered,input_x_gradient
video_59,JOKE,56,0.0014306006493506483,0.0,0.21283645198172974,0.22969851718749998,0.9351530779109262,mrbert_filtered,input_x_gradient
video_62,STEREOTYPE,64,0.02595417249961113,0.0,0.04613645498790592,0.16895491645737598,0.7484208234929545,mrbert_filtered,input_x_gradient
video_62,IRONY,8,0.0,0.02966191142812701,,,0.7484208234929545,mrbert_filtered,input_x_gradient
video_76,INEQUALITY\/DISCRIMINATION,73,0.0136986301369863,0.0,0.16783173835313633,0.19024747953151458,0.9476550929449863,mrbert_filtered,input_x_gradient
video_76,STEREOTYPE,22,0.0,0.0196078431372549,,,0.9476550929449863,mrbert_filtered,input_x_gradient
video_76,IMPLICIT SEXISM,22,0.0,0.0196078431372549,,,0.9476550929449863,mrbert_filtered,input_x_gradient
video_37,CRITIQUE,21,0.047619047619047616,0.0,0.14770978917519928,0.33245498310218435,0.8602659584251353,mrbert_filtered,input_x_gradient
video_37,IRONY,21,0.047619047619047616,0.0,0.14770978917519928,0.33245498310218435,0.8602659584251353,mrbert_filtered,input_x_gradient
video_37,JOKE,21,0.047619047619047616,0.0,0.14770978917519928,0.33245498310218435,0.8602659584251353,mrbert_filtered,input_x_gradient
video_390,CRITIQUE,40,0.025,0.0,-0.14566799115586984,-0.13190628263758855,0.9152186444228599,mrbert_filtered,input_x_gradient
video_099,CRITIQUE,67,0.014925373134328358,0.0,,,0.9438843463479044,mrbert_filtered,input_x_gradient
video_399,CRITIQUE,69,0.014492753623188406,0.0,0.1400913499539969,0.1493848508240327,0.9452056244772565,mrbert_filtered,input_x_gradient
video_399,STEREOTYPE,69,0.014492753623188406,0.0,0.1400913499539969,0.1493848508240327,0.9452056244772565,mrbert_filtered,input_x_gradient
video_399,REPORTED SEXISM,69,0.014492753623188406,0.0,0.1400913499539969,0.1493848508240327,0.9452056244772565,mrbert_filtered,input_x_gradient
video_133,CRITIQUE,81,0.024074632758261074,0.0,0.04647494920512969,0.03749158144288322,0.7966614546291547,mrbert_filtered,input_x_gradient
video_136,CRITIQUE,47,0.0,0.0,,,0.0,mrbert_filtered,input_x_gradient
video_166,JOKE,30,0.04312570781426953,0.0,-0.06790593352978791,-0.0918682449819866,0.8279915970247947,mrbert_filtered,input_x_gradient
video_166,CRITIQUE,30,0.04312570781426953,0.0,-0.06790593352978791,-0.0918682449819866,0.8279915970247947,mrbert_filtered,input_x_gradient
video_214,CRITIQUE,35,0.0,0.0,,,0.0,mrbert_filtered,input_x_gradient
video_215,CRITIQUE,58,0.017241379310344827,0.0,-0.21767215635778503,-0.22167760948182821,0.9386538169042495,mrbert_filtered,input_x_gradient
video_217,CRITIQUE,85,0.015497068194596907,0.0,-0.08420756251153023,0.02903429498657284,0.8889686200504899,mrbert_filtered,input_x_gradient
video_217,REPORTED SEXISM,14,0.0,0.018552828120292072,,,0.8889686200504899,mrbert_filtered,input_x_gradient
video_352,CRITIQUE,67,0.02332953904745694,0.0,0.22290651318389562,0.2769958508056286,0.9096568972826564,mrbert_filtered,input_x_gradient
video_359,CRITIQUE,62,0.02338461067721282,0.0,0.00016458997689448277,0.005353087769359639,0.8982008891795786,mrbert_filtered,input_x_gradient
video_362,CRITIQUE,95,0.04290101912606449,0.0,0.038790749942252206,0.06622905522072259,0.7586071824887278,mrbert_filtered,input_x_gradient
video_364,CRITIQUE,78,0.027107764671397784,0.0,-0.17199416477243137,-0.08574877645285438,0.8387505904451885,mrbert_filtered,input_x_gradient
video_45,CRITIQUE,61,0.035780415003916446,0.0,0.21708000114692103,0.2136968515763638,0.8292173868148509,mrbert_filtered,input_x_gradient
video_55,CRITIQUE,98,0.03085019519171305,0.0,0.18194133562104203,0.235493318457101,0.8603729428120253,mrbert_filtered,input_x_gradient
video_55,REPORTED SEXISM,49,0.0,0.0617003903834261,,,0.8603729428120253,mrbert_filtered,input_x_gradient
video_60,CRITIQUE,25,0.08374905058483974,0.0,0.012628251649207764,0.2838138091533665,0.58074095549991,mrbert_filtered,input_x_gradient
video_78,CRITIQUE,73,0.0136986301369863,0.0,0.11751396156685154,0.13154841833692077,0.9476550929449863,mrbert_filtered,input_x_gradient
video_124,CRITIQUE,83,0.0016890958328727747,0.0,-0.18906956472879385,-0.18921372228340053,0.9528530666702709,mrbert_filtered,input_x_gradient
video_124,REPORTED SEXISM,83,0.0016890958328727747,0.0,-0.18906956472879385,-0.18921372228340053,0.9528530666702709,mrbert_filtered,input_x_gradient
video_04,JOKE,49,0.015103124603080545,0.0,,,0.7525078991597178,mrbert_filtered,ig
video_04,IDEOLOGICAL AND INEQUALITY,29,0.02551907260520506,0.0,,,0.7525078991597178,mrbert_filtered,ig
video_04,INEQUALITY\/DISCRIMINATION,24,0.0,0.020001435285160723,,,0.7525078991597178,mrbert_filtered,ig
video_04,IRONY,12,0.0,0.015103124603080545,,,0.7525078991597178,mrbert_filtered,ig
video_05,IRONY,86,0.0015151294264118674,0.0,,,0.9542016542350434,mrbert_filtered,ig
video_05,JOKE,53,0.002458511899460766,0.0,,,0.9542016542350434,mrbert_filtered,ig
video_05,INEQUALITY\/DISCRIMINATION,86,0.0015151294264118674,0.0,,,0.9542016542350434,mrbert_filtered,ig
video_05,IDEOLOGICAL AND INEQUALITY,45,0.0,0.003178076357839527,,,0.9542016542350434,mrbert_filtered,ig
video_05,IMPLICIT SEXISM,7,0.0,0.0016493814009040583,,,0.9542016542350434,mrbert_filtered,ig
video_30,INEQUALITY\/DISCRIMINATION,59,0.04640598018653527,0.0,-0.07814081581217132,0.07325331632147347,0.7839303918578143,mrbert_filtered,ig
video_30,IRONY,59,0.04640598018653527,0.0,-0.07814081581217132,0.07325331632147347,0.7839303918578143,mrbert_filtered,ig
video_30,JOKE,59,0.04640598018653527,0.0,-0.07814081581217132,0.07325331632147347,0.7839303918578143,mrbert_filtered,ig
video_30,IDEOLOGICAL AND INEQUALITY,12,0.0,0.05825431555331024,,,0.7839303918578143,mrbert_filtered,ig
video_106,IMPLICIT SEXISM,63,0.022798600321744602,0.0,0.21974510014426243,0.17855311807925706,0.8995871558228764,mrbert_filtered,ig
video_106,STEREOTYPE,63,0.022798600321744602,0.0,0.21974510014426243,0.17855311807925706,0.8995871558228764,mrbert_filtered,ig
video_107,IMPLICIT SEXISM,28,0.0,0.05550045953166993,,,0.8848646885006266,mrbert_filtered,ig
video_107,INEQUALITY\/DISCRIMINATION,28,0.0,0.05550045953166993,,,0.8848646885006266,mrbert_filtered,ig
video_327,STEREOTYPE,54,0.019688695691192713,0.0,0.1472697182383717,0.26872338504600723,0.9032148586398664,mrbert_filtered,ig
video_327,IMPLICIT SEXISM,54,0.019688695691192713,0.0,0.1472697182383717,0.26872338504600723,0.9032148586398664,mrbert_filtered,ig
video_373,STEREOTYPE,31,0.046244995998484084,0.0,-0.19592362118968207,-0.17284324763719347,0.8634429275563948,mrbert_filtered,ig
video_373,INEQUALITY\/DISCRIMINATION,59,0.02429821823649164,0.0,-0.13619098875700286,-0.11453637231177395,0.8634429275563948,mrbert_filtered,ig
video_375,STEREOTYPE,74,0.03474075663165513,0.0,0.17923026378747245,0.3083918523124575,0.8239283759843238,mrbert_filtered,ig
video_375,IMPLICIT SEXISM,74,0.03474075663165513,0.0,0.17923026378747245,0.3083918523124575,0.8239283759843238,mrbert_filtered,ig
video_375,IRONY,70,0.03672594272489257,0.0,0.2145311666727431,0.3397224695027301,0.8239283759843238,mrbert_filtered,ig
video_375,INEQUALITY\/DISCRIMINATION,74,0.03474075663165513,0.0,0.17923026378747245,0.3083918523124575,0.8239283759843238,mrbert_filtered,ig
video_383,STEREOTYPE,74,0.005514104696521473,0.0,-0.001767108297428739,-0.0017674359219374462,0.9110465830204366,mrbert_filtered,ig
video_383,IMPLICIT SEXISM,37,0.0,0.011028209393042946,,,0.9110465830204366,mrbert_filtered,ig
video_144,INEQUALITY\/DISCRIMINATION,85,0.011764705882352941,0.0,0.10692336725967674,0.12253378472602318,0.953761531974144,mrbert_filtered,ig
video_144,STEREOTYPE,85,0.011764705882352941,0.0,0.10692336725967674,0.12253378472602318,0.953761531974144,mrbert_filtered,ig
video_144,IMPLICIT SEXISM,64,0.0,0.047619047619047616,,,0.953761531974144,mrbert_filtered,ig
video_148,STEREOTYPE,50,0.02679225205744449,0.0,0.20769461760661828,0.23949095494804712,0.9086006467781755,mrbert_filtered,ig
video_148,INEQUALITY\/DISCRIMINATION,23,0.0,0.02850239580579201,,,0.9086006467781755,mrbert_filtered,ig
video_148,IRONY,5,0.0,0.020609424659572682,,,0.9086006467781755,mrbert_filtered,ig
video_148,OBJECTIFICATION,15,0.0,0.02435659277949499,,,0.9086006467781755,mrbert_filtered,ig
video_148,IMPLICIT SEXISM,15,0.0,0.02435659277949499,,,0.9086006467781755,mrbert_filtered,ig
video_150,STEREOTYPE,34,0.0,0.32343044218508926,,,0.5608604986927156,mrbert_filtered,ig
video_150,INEQUALITY\/DISCRIMINATION,13,0.0,0.13476268424378715,,,0.5608604986927156,mrbert_filtered,ig
video_356,INEQUALITY\/DISCRIMINATION,40,0.03954885136626999,0.0,0.13170627767244203,0.32905925800920466,0.9009252730724038,mrbert_filtered,ig
video_356,IMPLICIT SEXISM,5,0.3163908109301599,0.0,-0.05129891760425771,0.5642880936468347,0.9009252730724038,mrbert_filtered,ig
video_59,STEREOTYPE,56,0.001907030952316159,0.0,0.21283645198172974,0.22969851718749998,0.9351530779109262,mrbert_filtered,ig
video_59,INEQUALITY\/DISCRIMINATION,56,0.001907030952316159,0.0,0.21283645198172974,0.22969851718749998,0.9351530779109262,mrbert_filtered,ig
video_59,IRONY,56,0.001907030952316159,0.0,0.21283645198172974,0.22969851718749998,0.9351530779109262,mrbert_filtered,ig
video_59,IMPLICIT SEXISM,56,0.001907030952316159,0.0,0.21283645198172974,0.22969851718749998,0.9351530779109262,mrbert_filtered,ig
video_59,JOKE,56,0.001907030952316159,0.0,0.21283645198172974,0.22969851718749998,0.9351530779109262,mrbert_filtered,ig
video_62,STEREOTYPE,64,0.05117890578020937,0.0,0.033636430237488066,0.15675135362667275,0.7223034862769174,mrbert_filtered,ig
video_62,IRONY,8,0.0,0.058490178034525,,,0.7223034862769174,mrbert_filtered,ig
video_37,CRITIQUE,21,0.047619047619047616,0.0,0.14770978917519928,0.33245498310218435,0.8602659584251353,mrbert_filtered,ig
video_37,IRONY,21,0.047619047619047616,0.0,0.14770978917519928,0.33245498310218435,0.8602659584251353,mrbert_filtered,ig
video_37,JOKE,21,0.047619047619047616,0.0,0.14770978917519928,0.33245498310218435,0.8602659584251353,mrbert_filtered,ig
video_390,CRITIQUE,40,0.025,0.0,-0.14566799115586984,-0.13190628263758855,0.9152186444228599,mrbert_filtered,ig
video_099,CRITIQUE,67,0.014925373134328358,0.0,,,0.9438843463479044,mrbert_filtered,ig
video_399,CRITIQUE,69,0.014492753623188406,0.0,0.1400913499539969,0.1493848508240327,0.9452056244772565,mrbert_filtered,ig
video_399,STEREOTYPE,69,0.014492753623188406,0.0,0.1400913499539969,0.1493848508240327,0.9452056244772565,mrbert_filtered,ig
video_399,REPORTED SEXISM,69,0.014492753623188406,0.0,0.1400913499539969,0.1493848508240327,0.9452056244772565,mrbert_filtered,ig
video_133,CRITIQUE,81,0.03391774375669814,0.0,0.03168151466941235,0.023888054804026927,0.8011333042506732,mrbert_filtered,ig
video_166,JOKE,30,0.0651439101732027,0.0,-0.08642573358336644,-0.10885229027277404,0.820124284237922,mrbert_filtered,ig
video_166,CRITIQUE,30,0.0651439101732027,0.0,-0.08642573358336644,-0.10885229027277404,0.820124284237922,mrbert_filtered,ig
video_214,CRITIQUE,35,0.0,0.0,,,0.0,mrbert_filtered,ig
video_215,CRITIQUE,58,0.017241379310344827,0.0,-0.21767215635778503,-0.22167760948182821,0.9386538169042495,mrbert_filtered,ig
video_217,CRITIQUE,85,0.017234473960406005,0.0,-0.08744866695097184,0.027962918787806313,0.8992725752321795,mrbert_filtered,ig
video_217,REPORTED SEXISM,14,0.0,0.02063282093851423,,,0.8992725752321795,mrbert_filtered,ig
video_352,CRITIQUE,67,0.018127556479711728,0.0,0.22290651318389562,0.2769958508056286,0.9140407715531906,mrbert_filtered,ig
video_359,CRITIQUE,62,0.021890024300601246,0.0,0.010039988590563449,0.015071000950658676,0.899304090372049,mrbert_filtered,ig
video_362,CRITIQUE,95,0.03877365327747935,0.0,0.04563284096666115,0.07358083343734126,0.7604109607117132,mrbert_filtered,ig
video_364,CRITIQUE,78,0.02961050699521672,0.0,-0.17545013621078268,-0.09033873528974683,0.8426695900515316,mrbert_filtered,ig
video_45,CRITIQUE,61,0.0437003583896678,0.0,0.21683345940796941,0.21388187049547755,0.8487685726839593,mrbert_filtered,ig
video_60,CRITIQUE,25,0.13802264376618634,0.0,-0.02719931124444749,0.22841179846246962,0.5688754314440544,mrbert_filtered,ig
video_78,CRITIQUE,73,0.0136986301369863,0.0,0.11751396156685154,0.13154841833692077,0.9476550929449863,mrbert_filtered,ig
video_124,CRITIQUE,83,0.0049388673593205685,0.0,-0.18906956472879385,-0.18921372228340053,0.9528530666702709,mrbert_filtered,ig
video_124,REPORTED SEXISM,83,0.0049388673593205685,0.0,-0.18906956472879385,-0.18921372228340053,0.9528530666702709,mrbert_filtered,ig
video_04,JOKE,49,0.06505102040816327,0.0,,,0.7913608507251074,mrbert_filtered,lrp
video_04,IDEOLOGICAL AND INEQUALITY,29,0.10991379310344827,0.0,,,0.7913608507251074,mrbert_filtered,lrp
video_04,INEQUALITY\/DISCRIMINATION,24,0.0,0.08614864864864864,,,0.7913608507251074,mrbert_filtered,lrp
video_04,IRONY,12,0.0,0.06505102040816327,,,0.7913608507251074,mrbert_filtered,lrp
video_05,IRONY,86,0.007751937984496124,0.0,,,0.9542016542350434,mrbert_filtered,lrp
video_05,JOKE,53,0.012578616352201257,0.0,,,0.9542016542350434,mrbert_filtered,lrp
video_05,INEQUALITY\/DISCRIMINATION,86,0.007751937984496124,0.0,,,0.9542016542350434,mrbert_filtered,lrp
video_05,IDEOLOGICAL AND INEQUALITY,45,0.0,0.016260162601626015,,,0.9542016542350434,mrbert_filtered,lrp
video_05,IMPLICIT SEXISM,7,0.0,0.008438818565400843,,,0.9542016542350434,mrbert_filtered,lrp
video_30,INEQUALITY\/DISCRIMINATION,59,0.03072033898305085,0.0,-0.131102610834621,-0.011732684326524724,0.801774162451942,mrbert_filtered,lrp
video_30,IRONY,59,0.03072033898305085,0.0,-0.131102610834621,-0.011732684326524724,0.801774162451942,mrbert_filtered,lrp
video_30,JOKE,59,0.03072033898305085,0.0,-0.131102610834621,-0.011732684326524724,0.801774162451942,mrbert_filtered,lrp
video_30,IDEOLOGICAL AND INEQUALITY,12,0.0,0.03856382978723404,,,0.801774162451942,mrbert_filtered,lrp
video_106,IMPLICIT SEXISM,63,0.02248677248677249,0.0,0.2187958772494708,0.17562342168505196,0.8997915606517658,mrbert_filtered,lrp
video_106,STEREOTYPE,63,0.02248677248677249,0.0,0.2187958772494708,0.17562342168505196,0.8997915606517658,mrbert_filtered,lrp
video_107,IMPLICIT SEXISM,28,0.0,0.0606060606060606,,,0.8816664009009282,mrbert_filtered,lrp
video_107,INEQUALITY\/DISCRIMINATION,28,0.0,0.0606060606060606,,,0.8816664009009282,mrbert_filtered,lrp
video_327,STEREOTYPE,54,0.027777777777777776,0.0,0.1472697182383717,0.26872338504600723,0.886255117603867,mrbert_filtered,lrp
video_327,IMPLICIT SEXISM,54,0.027777777777777776,0.0,0.1472697182383717,0.26872338504600723,0.886255117603867,mrbert_filtered,lrp
video_373,STEREOTYPE,31,0.05913978494623655,0.0,-0.17389204932899488,-0.14995532900030484,0.8613151544644495,mrbert_filtered,lrp
video_373,INEQUALITY\/DISCRIMINATION,59,0.03107344632768361,0.0,-0.12758298043827582,-0.10574368110400142,0.8613151544644495,mrbert_filtered,lrp
video_375,STEREOTYPE,74,0.024570024570024565,0.0,0.22532653970189107,0.3340825650622503,0.8582050591502524,mrbert_filtered,lrp
video_375,IMPLICIT SEXISM,74,0.024570024570024565,0.0,0.22532653970189107,0.3340825650622503,0.8582050591502524,mrbert_filtered,lrp
video_375,IRONY,70,0.02597402597402597,0.0,0.26052337199576764,0.3623869696793264,0.8582050591502524,mrbert_filtered,lrp
video_375,INEQUALITY\/DISCRIMINATION,74,0.024570024570024565,0.0,0.22532653970189107,0.3340825650622503,0.8582050591502524,mrbert_filtered,lrp
video_383,STEREOTYPE,74,0.013513513513513514,0.0,0.0056705714021967005,0.005671622734575388,0.9140524642581482,mrbert_filtered,lrp
video_383,IMPLICIT SEXISM,37,0.0,0.02702702702702703,,,0.9140524642581482,mrbert_filtered,lrp
video_143,OBJECTIFICATION,44,0.022727272727272728,0.0,0.13816968865032075,0.19841849104930276,0.9730188943255537,mrbert_filtered,lrp
video_143,STEREOTYPE,45,0.022222222222222223,0.0,0.10452749388792273,0.16266269795836466,0.9730188943255537,mrbert_filtered,lrp
video_144,INEQUALITY\/DISCRIMINATION,85,0.011764705882352941,0.0,0.10692336725967674,0.12253378472602318,0.953761531974144,mrbert_filtered,lrp
video_144,STEREOTYPE,85,0.011764705882352941,0.0,0.10692336725967674,0.12253378472602318,0.953761531974144,mrbert_filtered,lrp
video_144,IMPLICIT SEXISM,64,0.0,0.047619047619047616,,,0.953761531974144,mrbert_filtered,lrp
video_148,STEREOTYPE,50,0.023809523809523808,0.0,0.20260128910945327,0.23509922492533813,0.9119762100147933,mrbert_filtered,lrp
video_148,INEQUALITY\/DISCRIMINATION,23,0.0,0.025329280648429583,,,0.9119762100147933,mrbert_filtered,lrp
video_148,IRONY,5,0.0,0.018315018315018316,,,0.9119762100147933,mrbert_filtered,lrp
video_148,OBJECTIFICATION,15,0.0,0.021645021645021644,,,0.9119762100147933,mrbert_filtered,lrp
video_148,IMPLICIT SEXISM,15,0.0,0.021645021645021644,,,0.9119762100147933,mrbert_filtered,lrp
video_150,STEREOTYPE,34,0.0,0.26333333333333336,,,0.6237744376516462,mrbert_filtered,lrp
video_150,INEQUALITY\/DISCRIMINATION,13,0.0,0.10972222222222222,,,0.6237744376516462,mrbert_filtered,lrp
video_151,INEQUALITY\/DISCRIMINATION,44,0.0,0.0,,,0.0,mrbert_filtered,lrp
video_201,STEREOTYPE,106,0.028891509433962265,0.0,0.0780880148275329,0.09269648951553126,0.8485902495800896,mrbert_filtered,lrp
video_201,IMPLICIT SEXISM,27,0.0,0.038765822784810125,,,0.8485902495800896,mrbert_filtered,lrp
video_201,OBJECTIFICATION,43,0.0,0.04861111111111111,,,0.8485902495800896,mrbert_filtered,lrp
video_356,INEQUALITY\/DISCRIMINATION,40,0.06,0.0,0.14533106501786708,0.33360085379101306,0.8942772651257241,mrbert_filtered,lrp
video_356,IMPLICIT SEXISM,5,0.48,0.0,0.35909242322980395,0.6668859288553503,0.8942772651257241,mrbert_filtered,lrp
video_357,INEQUALITY\/DISCRIMINATION,95,0.005263157894736842,0.0,-0.1129492892649397,-0.15639959777723395,0.957788854914895,mrbert_filtered,lrp
video_59,STEREOTYPE,56,0.017857142857142856,0.0,0.21283645198172974,0.22969851718749998,0.9351530779109262,mrbert_filtered,lrp
video_59,INEQUALITY\/DISCRIMINATION,56,0.017857142857142856,0.0,0.21283645198172974,0.22969851718749998,0.9351530779109262,mrbert_filtered,lrp
video_59,IRONY,56,0.017857142857142856,0.0,0.21283645198172974,0.22969851718749998,0.9351530779109262,mrbert_filtered,lrp
video_59,IMPLICIT SEXISM,56,0.017857142857142856,0.0,0.21283645198172974,0.22969851718749998,0.9351530779109262,mrbert_filtered,lrp
video_59,JOKE,56,0.017857142857142856,0.0,0.21283645198172974,0.22969851718749998,0.9351530779109262,mrbert_filtered,lrp
video_62,STEREOTYPE,64,0.03260216346153845,0.0,0.039095779205820594,0.1297913338362273,0.7455531668202521,mrbert_filtered,lrp
video_62,IRONY,8,0.0,0.03725961538461537,,,0.7455531668202521,mrbert_filtered,lrp
video_76,INEQUALITY\/DISCRIMINATION,73,0.0136986301369863,0.0,0.16783173835313633,0.19024747953151458,0.9476550929449863,mrbert_filtered,lrp
video_76,STEREOTYPE,22,0.0,0.0196078431372549,,,0.9476550929449863,mrbert_filtered,lrp
video_76,IMPLICIT SEXISM,22,0.0,0.0196078431372549,,,0.9476550929449863,mrbert_filtered,lrp
video_37,CRITIQUE,21,0.0,0.0,,,0.0,mrbert_filtered,lrp
video_37,IRONY,21,0.0,0.0,,,0.0,mrbert_filtered,lrp
video_37,JOKE,21,0.0,0.0,,,0.0,mrbert_filtered,lrp
video_390,CRITIQUE,40,0.025,0.0,-0.14566799115586984,-0.13190628263758855,0.9152186444228599,mrbert_filtered,lrp
video_099,CRITIQUE,67,0.014925373134328358,0.0,,,0.9438843463479044,mrbert_filtered,lrp
video_399,CRITIQUE,69,0.014492753623188406,0.0,0.1400913499539969,0.1493848508240327,0.9452056244772565,mrbert_filtered,lrp
video_399,STEREOTYPE,69,0.014492753623188406,0.0,0.1400913499539969,0.1493848508240327,0.9452056244772565,mrbert_filtered,lrp
video_399,REPORTED SEXISM,69,0.014492753623188406,0.0,0.1400913499539969,0.1493848508240327,0.9452056244772565,mrbert_filtered,lrp
video_133,CRITIQUE,81,0.027091906721536354,0.0,0.040889227610522556,0.026879520533598857,0.7900909192474883,mrbert_filtered,lrp
video_136,CRITIQUE,47,0.0,0.0,,,0.0,mrbert_filtered,lrp
video_166,JOKE,30,0.051041666666666666,0.0,-0.08642573358336644,-0.10885229027277404,0.8223231749490436,mrbert_filtered,lrp
video_166,CRITIQUE,30,0.051041666666666666,0.0,-0.08642573358336644,-0.10885229027277404,0.8223231749490436,mrbert_filtered,lrp
video_214,CRITIQUE,35,0.0,0.0,,,0.0,mrbert_filtered,lrp
video_215,CRITIQUE,58,0.017241379310344827,0.0,-0.21767215635778503,-0.22167760948182821,0.9386538169042495,mrbert_filtered,lrp
video_217,CRITIQUE,85,0.016557734204793027,0.0,-0.08512485622080615,0.025789555641737075,0.8981982063592714,mrbert_filtered,lrp
video_217,REPORTED SEXISM,14,0.0,0.0198226395409494,,,0.8981982063592714,mrbert_filtered,lrp
video_352,CRITIQUE,67,0.022388059701492536,0.0,0.22168770478860092,0.27686033424456913,0.9100062838366182,mrbert_filtered,lrp
video_359,CRITIQUE,62,0.02217741935483871,0.0,0.010039988590563449,0.015071000950658676,0.8990515634807703,mrbert_filtered,lrp
video_362,CRITIQUE,95,0.02138157894736842,0.0,0.09092362458390098,0.13049190478666906,0.7618898911728087,mrbert_filtered,lrp
video_364,CRITIQUE,78,0.023175542406311634,0.0,-0.17634392192759765,-0.09185878659287354,0.8412902248437747,mrbert_filtered,lrp
video_45,CRITIQUE,61,0.021772540983606557,0.0,0.3490100958469018,0.35519016158223593,0.8731531945499477,mrbert_filtered,lrp
video_55,CRITIQUE,98,0.02040816326530612,0.0,0.18130582033897574,0.2366978022909372,0.8654063610776528,mrbert_filtered,lrp
video_55,REPORTED SEXISM,49,0.0,0.04081632653061224,,,0.8654063610776528,mrbert_filtered,lrp
video_60,CRITIQUE,25,0.115,0.0,-0.037422004207805226,0.2232028827186006,0.5612884841794166,mrbert_filtered,lrp
video_78,CRITIQUE,73,0.0136986301369863,0.0,0.11751396156685154,0.13154841833692077,0.9476550929449863,mrbert_filtered,lrp
video_124,CRITIQUE,83,0.006024096385542169,0.0,-0.18906956472879385,-0.18921372228340053,0.9528530666702709,mrbert_filtered,lrp
video_124,REPORTED SEXISM,83,0.006024096385542169,0.0,-0.18906956472879385,-0.18921372228340053,0.9528530666702709,mrbert_filtered,lrp
video_04,JOKE,49,0.10075221696254316,0.0,,,0.6910202542542099,mbert_full,saliency
video_04,IDEOLOGICAL AND INEQUALITY,29,0.17023650452291775,0.0,,,0.6910202542542099,mbert_full,saliency
video_04,INEQUALITY\/DISCRIMINATION,24,0.0,0.1334286116530977,,,0.6910202542542099,mbert_full,saliency
video_04,IRONY,12,0.0,0.10075221696254316,,,0.6910202542542099,mbert_full,saliency
video_05,IRONY,86,0.011627906976744186,0.0,,,0.9542016542350434,mbert_full,saliency
video_05,JOKE,53,0.018867924528301886,0.0,,,0.9542016542350434,mbert_full,saliency
video_05,INEQUALITY\/DISCRIMINATION,86,0.011627906976744186,0.0,,,0.9542016542350434,mbert_full,saliency
video_05,IDEOLOGICAL AND INEQUALITY,45,0.0,0.024390243902439025,,,0.9542016542350434,mbert_full,saliency
video_05,IMPLICIT SEXISM,7,0.0,0.012658227848101266,,,0.9542016542350434,mbert_full,saliency
video_30,INEQUALITY\/DISCRIMINATION,59,0.04666289576096059,0.0,-0.07033788128028545,0.08240998086165766,0.7635203241595174,mbert_full,saliency
video_30,IRONY,59,0.04666289576096059,0.0,-0.07033788128028545,0.08240998086165766,0.7635203241595174,mbert_full,saliency
video_30,JOKE,59,0.04666289576096059,0.0,-0.07033788128028545,0.08240998086165766,0.7635203241595174,mbert_full,saliency
video_30,IDEOLOGICAL AND INEQUALITY,12,0.0,0.05857682659354627,,,0.7635203241595174,mbert_full,saliency
video_106,IMPLICIT SEXISM,63,0.03556034176260179,0.0,0.20099614233555185,0.1825908947691266,0.8328064582717075,mbert_full,saliency
video_106,STEREOTYPE,63,0.03556034176260179,0.0,0.20099614233555185,0.1825908947691266,0.8328064582717075,mbert_full,saliency
video_107,IMPLICIT SEXISM,28,0.0,0.21652360052760142,,,0.6518856556545116,mbert_full,saliency
video_107,INEQUALITY\/DISCRIMINATION,28,0.0,0.21652360052760142,,,0.6518856556545116,mbert_full,saliency
video_327,STEREOTYPE,54,0.03113699279724491,0.0,0.1472697182383717,0.26872338504600723,0.8852119002583568,mbert_full,saliency
video_327,IMPLICIT SEXISM,54,0.03113699279724491,0.0,0.1472697182383717,0.26872338504600723,0.8852119002583568,mbert_full,saliency
video_373,STEREOTYPE,31,0.05831861253470816,0.0,-0.19592362118968207,-0.17284324763719347,0.8573151803224884,mbert_full,saliency
video_373,INEQUALITY\/DISCRIMINATION,59,0.03064198285721954,0.0,-0.13619098875700286,-0.11453637231177395,0.8573151803224884,mbert_full,saliency
video_375,STEREOTYPE,74,0.03687251562848956,0.0,0.17923026378747245,0.3083918523124575,0.8272981377570708,mbert_full,saliency
video_375,IMPLICIT SEXISM,74,0.03687251562848956,0.0,0.17923026378747245,0.3083918523124575,0.8272981377570708,mbert_full,saliency
video_375,IRONY,70,0.03897951652154611,0.0,0.2145311666727431,0.3397224695027301,0.8272981377570708,mbert_full,saliency
video_375,INEQUALITY\/DISCRIMINATION,74,0.03687251562848956,0.0,0.17923026378747245,0.3083918523124575,0.8272981377570708,mbert_full,saliency
video_383,STEREOTYPE,74,0.056871939172725906,0.0,-0.015588452094484501,-0.12543054715327923,0.6148767637740893,mbert_full,saliency
video_383,IMPLICIT SEXISM,37,0.0,0.11374387834545181,,,0.6148767637740893,mbert_full,saliency
video_143,OBJECTIFICATION,44,0.022727272727272728,0.0,0.13816968865032075,0.19841849104930276,0.9730188943255537,mbert_full,saliency
video_143,STEREOTYPE,45,0.022222222222222223,0.0,0.10452749388792273,0.16266269795836466,0.9730188943255537,mbert_full,saliency
video_144,INEQUALITY\/DISCRIMINATION,85,0.011764705882352941,0.0,0.10692336725967674,0.12253378472602318,0.953761531974144,mbert_full,saliency
video_144,STEREOTYPE,85,0.011764705882352941,0.0,0.10692336725967674,0.12253378472602318,0.953761531974144,mbert_full,saliency
video_144,IMPLICIT SEXISM,64,0.0,0.047619047619047616,,,0.953761531974144,mbert_full,saliency
video_148,STEREOTYPE,50,0.04355890976742322,0.0,0.1192580342432109,0.10924311730208314,0.8467966322547736,mbert_full,saliency
video_148,INEQUALITY\/DISCRIMINATION,23,0.0,0.0463392657100247,,,0.8467966322547736,mbert_full,saliency
video_148,IRONY,5,0.0,0.033506853667248634,,,0.8467966322547736,mbert_full,saliency
video_148,OBJECTIFICATION,15,0.0,0.03959900887947566,,,0.8467966322547736,mbert_full,saliency
video_148,IMPLICIT SEXISM,15,0.0,0.03959900887947566,,,0.8467966322547736,mbert_full,saliency
video_150,STEREOTYPE,34,0.0,0.6067044102012741,,,0.5371084073755779,mbert_full,saliency
video_150,INEQUALITY\/DISCRIMINATION,13,0.0,0.2527935042505309,,,0.5371084073755779,mbert_full,saliency
video_151,INEQUALITY\/DISCRIMINATION,44,0.0,0.0,,,0.0,mbert_full,saliency
video_201,STEREOTYPE,106,0.039914500626075274,0.0,0.0745379873922009,0.08809913661476777,0.8431303501254185,mbert_full,saliency
video_201,IMPLICIT SEXISM,27,0.0,0.05355616539701239,,,0.8431303501254185,mbert_full,saliency
video_201,OBJECTIFICATION,43,0.0,0.06715773121212665,,,0.8431303501254185,mbert_full,saliency
video_356,INEQUALITY\/DISCRIMINATION,40,0.031597944411393165,0.0,0.13170627767244203,0.32905925800920466,0.905114898212818,mbert_full,saliency
video_356,IMPLICIT SEXISM,5,0.2527835552911453,0.0,-0.05129891760425771,0.5642880936468347,0.905114898212818,mbert_full,saliency
video_357,INEQUALITY\/DISCRIMINATION,95,0.023705684950273875,0.0,0.2300683315617657,0.23912560171770333,0.8306650970166414,mbert_full,saliency
video_59,STEREOTYPE,56,0.017857142857142856,0.0,0.21283645198172974,0.22969851718749998,0.9351530779109262,mbert_full,saliency
video_59,INEQUALITY\/DISCRIMINATION,56,0.017857142857142856,0.0,0.21283645198172974,0.22969851718749998,0.9351530779109262,mbert_full,saliency
video_59,IRONY,56,0.017857142857142856,0.0,0.21283645198172974,0.22969851718749998,0.9351530779109262,mbert_full,saliency
video_59,IMPLICIT SEXISM,56,0.017857142857142856,0.0,0.21283645198172974,0.22969851718749998,0.9351530779109262,mbert_full,saliency
video_59,JOKE,56,0.017857142857142856,0.0,0.21283645198172974,0.22969851718749998,0.9351530779109262,mbert_full,saliency
video_62,STEREOTYPE,64,0.08268244839756148,0.0,0.04643948589094636,0.17153206637193444,0.7049782283222518,mbert_full,saliency
video_62,IRONY,8,0.0,0.09449422674007026,,,0.7049782283222518,mbert_full,saliency
video_76,INEQUALITY\/DISCRIMINATION,73,0.0136986301369863,0.0,0.16783173835313633,0.19024747953151458,0.9476550929449863,mbert_full,saliency
video_76,STEREOTYPE,22,0.0,0.0196078431372549,,,0.9476550929449863,mbert_full,saliency
video_76,IMPLICIT SEXISM,22,0.0,0.0196078431372549,,,0.9476550929449863,mbert_full,saliency
video_37,CRITIQUE,21,0.08151384924222721,0.0,0.1727573764157606,0.4186993599890917,0.7010622577896196,mbert_full,saliency
video_37,IRONY,21,0.08151384924222721,0.0,0.1727573764157606,0.4186993599890917,0.7010622577896196,mbert_full,saliency
video_37,JOKE,21,0.08151384924222721,0.0,0.1727573764157606,0.4186993599890917,0.7010622577896196,mbert_full,saliency
video_390,CRITIQUE,40,0.025,0.0,-0.14566799115586984,-0.13190628263758855,0.9152186444228599,mbert_full,saliency
video_099,CRITIQUE,67,0.014925373134328358,0.0,,,0.9438843463479044,mbert_full,saliency
video_399,CRITIQUE,69,0.014492753623188406,0.0,0.1400913499539969,0.1493848508240327,0.9452056244772565,mbert_full,saliency
video_399,STEREOTYPE,69,0.014492753623188406,0.0,0.1400913499539969,0.1493848508240327,0.9452056244772565,mbert_full,saliency
video_399,REPORTED SEXISM,69,0.014492753623188406,0.0,0.1400913499539969,0.1493848508240327,0.9452056244772565,mbert_full,saliency
video_133,CRITIQUE,81,0.044375619325269296,0.0,0.04237293490909008,0.03262226131372599,0.7765310473054438,mbert_full,saliency
video_136,CRITIQUE,47,0.0,0.0,,,0.0,mbert_full,saliency
video_166,JOKE,30,0.03333333333333333,0.0,0.1394831586522837,0.10734253018329497,0.8937772036120079,mbert_full,saliency
video_166,CRITIQUE,30,0.03333333333333333,0.0,0.1394831586522837,0.10734253018329497,0.8937772036120079,mbert_full,saliency
video_214,CRITIQUE,35,0.0,0.0,,,0.0,mbert_full,saliency
video_215,CRITIQUE,58,0.017241379310344827,0.0,-0.21767215635778503,-0.22167760948182821,0.9386538169042495,mbert_full,saliency
video_217,CRITIQUE,85,0.03153368531573327,0.0,-0.08744866695097184,0.027962918787806313,0.8892072882448536,mbert_full,saliency
video_217,REPORTED SEXISM,14,0.0,0.0377515950963004,,,0.8892072882448536,mbert_full,saliency
video_352,CRITIQUE,67,0.02164306366575202,0.0,0.22290651318389562,0.2769958508056286,0.9103654312995293,mbert_full,saliency
video_359,CRITIQUE,62,0.025595347594410817,0.0,0.00016458997689448277,0.005353087769359639,0.8972429633410217,mbert_full,saliency
video_362,CRITIQUE,95,0.09274834355703765,0.0,0.2891760733567503,0.29923612110765546,0.4207009306247389,mbert_full,saliency
video_364,CRITIQUE,78,0.041841301883549266,0.0,-0.16937239333644075,-0.08255964920903949,0.8279359546290893,mbert_full,saliency
video_45,CRITIQUE,61,0.10251868131852047,0.0,0.5579481302725844,0.5490975344916958,0.5528504158365831,mbert_full,saliency
video_55,CRITIQUE,98,0.024216220072880656,0.0,0.1763036800373615,0.30548569584528185,0.79445292547668,mbert_full,saliency
video_55,REPORTED SEXISM,49,0.0,0.04843244014576131,,,0.79445292547668,mbert_full,saliency
video_60,CRITIQUE,25,0.20071259576016778,0.0,0.02779468461738601,0.31721625407202547,0.4177635174789231,mbert_full,saliency
video_78,CRITIQUE,73,0.0136986301369863,0.0,0.11751396156685154,0.13154841833692077,0.9476550929449863,mbert_full,saliency
video_124,CRITIQUE,83,0.025937459937775763,0.0,-0.226750797375875,-0.1676192975076547,0.8390166124647491,mbert_full,saliency
video_124,REPORTED SEXISM,83,0.025937459937775763,0.0,-0.226750797375875,-0.1676192975076547,0.8390166124647491,mbert_full,saliency
video_04,JOKE,49,0.07302592076734156,0.0,,,0.7164145518662118,mbert_full,input_x_gradient
video_04,IDEOLOGICAL AND INEQUALITY,29,0.1233886247448185,0.0,,,0.7164145518662118,mbert_full,input_x_gradient
video_04,INEQUALITY\/DISCRIMINATION,24,0.0,0.09671000317837125,,,0.7164145518662118,mbert_full,input_x_gradient
video_04,IRONY,12,0.0,0.07302592076734156,,,0.7164145518662118,mbert_full,input_x_gradient
video_05,IRONY,86,0.00958389227819576,0.0,,,0.9542016542350434,mbert_full,input_x_gradient
video_05,JOKE,53,0.015551221432544062,0.0,,,0.9542016542350434,mbert_full,input_x_gradient
video_05,INEQUALITY\/DISCRIMINATION,86,0.00958389227819576,0.0,,,0.9542016542350434,mbert_full,input_x_gradient
video_05,IDEOLOGICAL AND INEQUALITY,45,0.0,0.020102798437191104,,,0.9542016542350434,mbert_full,input_x_gradient
video_05,IMPLICIT SEXISM,7,0.0,0.010433097923099181,,,0.9542016542350434,mbert_full,input_x_gradient
video_30,INEQUALITY\/DISCRIMINATION,59,0.038320182147430534,0.0,-0.08204228307811424,0.06833998412917952,0.7966587765723219,mbert_full,input_x_gradient
video_30,IRONY,59,0.038320182147430534,0.0,-0.08204228307811424,0.06833998412917952,0.7966587765723219,mbert_full,input_x_gradient
video_30,JOKE,59,0.038320182147430534,0.0,-0.08204228307811424,0.06833998412917952,0.7966587765723219,mbert_full,input_x_gradient
video_30,IDEOLOGICAL AND INEQUALITY,12,0.0,0.04810405844039153,,,0.7966587765723219,mbert_full,input_x_gradient
video_106,IMPLICIT SEXISM,63,0.037948472224597046,0.0,0.19099180945912167,0.17189376537785336,0.8297269058706522,mbert_full,input_x_gradient
video_106,STEREOTYPE,63,0.037948472224597046,0.0,0.19099180945912167,0.17189376537785336,0.8297269058706522,mbert_full,input_x_gradient
video_107,IMPLICIT SEXISM,28,0.0,0.16482115980881487,,,0.6561495984788037,mbert_full,input_x_gradient
video_107,INEQUALITY\/DISCRIMINATION,28,0.0,0.16482115980881487,,,0.6561495984788037,mbert_full,input_x_gradient
video_327,STEREOTYPE,54,0.02772909382075219,0.0,0.1421432407047575,0.26627567691936826,0.8862777321576533,mbert_full,input_x_gradient
video_327,IMPLICIT SEXISM,54,0.02772909382075219,0.0,0.1421432407047575,0.26627567691936826,0.8862777321576533,mbert_full,input_x_gradient
video_373,STEREOTYPE,31,0.041834998761851525,0.0,-0.21716835119820177,-0.19415268912671046,0.8721068044958811,mbert_full,input_x_gradient
video_373,INEQUALITY\/DISCRIMINATION,59,0.021981101044362666,0.0,-0.14464528264146695,-0.12255777481711033,0.8721068044958811,mbert_full,input_x_gradient
video_375,STEREOTYPE,74,0.026376178812727035,0.0,0.17854916835221699,0.30709723340084977,0.8460152316975167,mbert_full,input_x_gradient
video_375,IMPLICIT SEXISM,74,0.026376178812727035,0.0,0.17854916835221699,0.30709723340084977,0.8460152316975167,mbert_full,input_x_gradient
video_375,IRONY,70,0.027883389030597155,0.0,0.21366849336497482,0.33827099936744126,0.8460152316975167,mbert_full,input_x_gradient
video_375,INEQUALITY\/DISCRIMINATION,74,0.026376178812727035,0.0,0.17854916835221699,0.30709723340084977,0.8460152316975167,mbert_full,input_x_gradient
video_383,STEREOTYPE,74,0.04068454595562163,0.0,-0.009476544144567806,-0.11262815130008924,0.6770940780720612,mbert_full,input_x_gradient
video_383,IMPLICIT SEXISM,37,0.0,0.08136909191124327,,,0.6770940780720612,mbert_full,input_x_gradient
video_143,OBJECTIFICATION,44,0.022727272727272728,0.0,0.13816968865032075,0.19841849104930276,0.9730188943255537,mbert_full,input_x_gradient
video_143,STEREOTYPE,45,0.022222222222222223,0.0,0.10452749388792273,0.16266269795836466,0.9730188943255537,mbert_full,input_x_gradient
video_144,INEQUALITY\/DISCRIMINATION,85,0.011764705882352941,0.0,0.10692336725967674,0.12253378472602318,0.953761531974144,mbert_full,input_x_gradient
video_144,STEREOTYPE,85,0.011764705882352941,0.0,0.10692336725967674,0.12253378472602318,0.953761531974144,mbert_full,input_x_gradient
video_144,IMPLICIT SEXISM,64,0.0,0.047619047619047616,,,0.953761531974144,mbert_full,input_x_gradient
video_148,STEREOTYPE,50,0.038140624214648325,0.0,0.11558227291379686,0.10607368666439987,0.8485633683578768,mbert_full,input_x_gradient
video_148,INEQUALITY\/DISCRIMINATION,23,0.0,0.0405751321432429,,,0.8485633683578768,mbert_full,input_x_gradient
video_148,IRONY,5,0.0,0.029338941703575632,,,0.8485633683578768,mbert_full,input_x_gradient
video_148,OBJECTIFICATION,15,0.0,0.03467329474058938,,,0.8485633683578768,mbert_full,input_x_gradient
video_148,IMPLICIT SEXISM,15,0.0,0.03467329474058938,,,0.8485633683578768,mbert_full,input_x_gradient
video_150,STEREOTYPE,34,0.0,0.26465312858308443,,,0.5754168019485938,mbert_full,input_x_gradient
video_150,INEQUALITY\/DISCRIMINATION,13,0.0,0.11027213690961854,,,0.5754168019485938,mbert_full,input_x_gradient
video_151,INEQUALITY\/DISCRIMINATION,44,0.0,0.0,,,0.0,mbert_full,input_x_gradient
video_201,STEREOTYPE,106,0.02462626121353288,0.0,0.08496147220232458,0.09842743628223645,0.8530356889594344,mbert_full,input_x_gradient
video_201,IMPLICIT SEXISM,27,0.0,0.03304283150170234,,,0.8530356889594344,mbert_full,input_x_gradient
video_201,OBJECTIFICATION,43,0.0,0.041434661724356905,,,0.8530356889594344,mbert_full,input_x_gradient
video_356,INEQUALITY\/DISCRIMINATION,40,0.04363840082911387,0.0,0.13170627767244203,0.32905925800920466,0.9022756665728368,mbert_full,input_x_gradient
video_356,IMPLICIT SEXISM,5,0.34910720663291095,0.0,-0.05129891760425771,0.5642880936468347,0.9022756665728368,mbert_full,input_x_gradient
video_357,INEQUALITY\/DISCRIMINATION,95,0.03270949017456927,0.0,0.22627983094093063,0.23403605354175439,0.8364627425293741,mbert_full,input_x_gradient
video_59,STEREOTYPE,56,0.017857142857142856,0.0,0.21283645198172974,0.22969851718749998,0.9351530779109262,mbert_full,input_x_gradient
video_59,INEQUALITY\/DISCRIMINATION,56,0.017857142857142856,0.0,0.21283645198172974,0.22969851718749998,0.9351530779109262,mbert_full,input_x_gradient
video_59,IRONY,56,0.017857142857142856,0.0,0.21283645198172974,0.22969851718749998,0.9351530779109262,mbert_full,input_x_gradient
video_59,IMPLICIT SEXISM,56,0.017857142857142856,0.0,0.21283645198172974,0.22969851718749998,0.9351530779109262,mbert_full,input_x_gradient
video_59,JOKE,56,0.017857142857142856,0.0,0.21283645198172974,0.22969851718749998,0.9351530779109262,mbert_full,input_x_gradient
video_62,STEREOTYPE,64,0.06284849078195703,0.0,0.03734855879973337,0.1624362431440811,0.7268189962134894,mbert_full,input_x_gradient
video_62,IRONY,8,0.0,0.0718268466079509,,,0.7268189962134894,mbert_full,input_x_gradient
video_76,INEQUALITY\/DISCRIMINATION,73,0.0136986301369863,0.0,0.16783173835313633,0.19024747953151458,0.9476550929449863,mbert_full,input_x_gradient
video_76,STEREOTYPE,22,0.0,0.0196078431372549,,,0.9476550929449863,mbert_full,input_x_gradient
video_76,IMPLICIT SEXISM,22,0.0,0.0196078431372549,,,0.9476550929449863,mbert_full,input_x_gradient
video_37,CRITIQUE,21,0.07606042671858164,0.0,0.1727573764157606,0.4186993599890917,0.7106491625143817,mbert_full,input_x_gradient
video_37,IRONY,21,0.07606042671858164,0.0,0.1727573764157606,0.4186993599890917,0.7106491625143817,mbert_full,input_x_gradient
video_37,JOKE,21,0.07606042671858164,0.0,0.1727573764157606,0.4186993599890917,0.7106491625143817,mbert_full,input_x_gradient
video_390,CRITIQUE,40,0.025,0.0,-0.14566799115586984,-0.13190628263758855,0.9152186444228599,mbert_full,input_x_gradient
video_099,CRITIQUE,67,0.014925373134328358,0.0,,,0.9438843463479044,mbert_full,input_x_gradient
video_399,CRITIQUE,69,0.014492753623188406,0.0,0.1400913499539969,0.1493848508240327,0.9452056244772565,mbert_full,input_x_gradient
video_399,STEREOTYPE,69,0.014492753623188406,0.0,0.1400913499539969,0.1493848508240327,0.9452056244772565,mbert_full,input_x_gradient
video_399,REPORTED SEXISM,69,0.014492753623188406,0.0,0.1400913499539969,0.1493848508240327,0.9452056244772565,mbert_full,input_x_gradient
video_133,CRITIQUE,81,0.04370963436028332,0.0,0.0292813999217296,0.018276327121545283,0.7894896522463789,mbert_full,input_x_gradient
video_136,CRITIQUE,47,0.0,0.0,,,0.0,mbert_full,input_x_gradient
video_166,JOKE,30,0.03333333333333333,0.0,0.1394831586522837,0.10734253018329497,0.8937772036120079,mbert_full,input_x_gradient
video_166,CRITIQUE,30,0.03333333333333333,0.0,0.1394831586522837,0.10734253018329497,0.8937772036120079,mbert_full,input_x_gradient
video_214,CRITIQUE,35,0.0,0.0,,,0.0,mbert_full,input_x_gradient
video_215,CRITIQUE,58,0.017241379310344827,0.0,-0.21767215635778503,-0.22167760948182821,0.9386538169042495,mbert_full,input_x_gradient
video_217,CRITIQUE,85,0.01879380883320981,0.0,-0.08420756251153023,0.02903429498657284,0.893589050866822,mbert_full,input_x_gradient
video_217,REPORTED SEXISM,14,0.0,0.022499630293279345,,,0.893589050866822,mbert_full,input_x_gradient
video_352,CRITIQUE,67,0.015397145196541926,0.0,0.22290651318389562,0.2769958508056286,0.9281862048779073,mbert_full,input_x_gradient
video_359,CRITIQUE,62,0.017591251438670474,0.0,0.00016458997689448277,0.005353087769359639,0.9094816235394183,mbert_full,input_x_gradient
video_362,CRITIQUE,95,0.0407114547132233,0.0,0.19916524044245815,0.1865194802622989,0.49575354939685096,mbert_full,input_x_gradient
video_364,CRITIQUE,78,0.021543218175021056,0.0,-0.17199416477243137,-0.08574877645285438,0.8488797734669892,mbert_full,input_x_gradient
video_45,CRITIQUE,61,0.10442457532074043,0.0,0.5056164435711558,0.495562157054897,0.5559442114335178,mbert_full,input_x_gradient
video_55,CRITIQUE,98,0.031213761055260313,0.0,0.17164501662723414,0.30016360103165585,0.7998833372932026,mbert_full,input_x_gradient
video_55,REPORTED SEXISM,49,0.0,0.06242752211052063,,,0.7998833372932026,mbert_full,input_x_gradient
video_60,CRITIQUE,25,0.08679881724185934,0.0,0.016503093991572942,0.29505457056836343,0.4860003558754484,mbert_full,input_x_gradient
video_78,CRITIQUE,73,0.0136986301369863,0.0,0.11751396156685154,0.13154841833692077,0.9476550929449863,mbert_full,input_x_gradient
video_124,CRITIQUE,83,0.01939569309789074,0.0,-0.2244084356693198,-0.16563186797119547,0.8494272912243914,mbert_full,input_x_gradient
video_124,REPORTED SEXISM,83,0.01939569309789074,0.0,-0.2244084356693198,-0.16563186797119547,0.8494272912243914,mbert_full,input_x_gradient
video_04,JOKE,49,0.06602520764967863,0.0,,,0.7049391579660377,mbert_full,ig
video_04,IDEOLOGICAL AND INEQUALITY,29,0.11155983361497424,0.0,,,0.7049391579660377,mbert_full,ig
video_04,INEQUALITY\/DISCRIMINATION,24,0.0,0.08743878850903386,,,0.7049391579660377,mbert_full,ig
video_04,IRONY,12,0.0,0.06602520764967863,,,0.7049391579660377,mbert_full,ig
video_05,IRONY,86,0.00237406089928863,0.0,,,0.9542016542350434,mbert_full,ig
video_05,JOKE,53,0.003852249761109853,0.0,,,0.9542016542350434,mbert_full,ig
video_05,INEQUALITY\/DISCRIMINATION,86,0.00237406089928863,0.0,,,0.9542016542350434,mbert_full,ig
video_05,IDEOLOGICAL AND INEQUALITY,45,0.0,0.004979737496068834,,,0.9542016542350434,mbert_full,ig
video_05,IMPLICIT SEXISM,7,0.0,0.002584420725807876,,,0.9542016542350434,mbert_full,ig
video_30,INEQUALITY\/DISCRIMINATION,59,0.0660251842714622,0.0,-0.08873051267687355,0.06660915119780325,0.7644656493480956,mbert_full,ig
video_30,IRONY,59,0.0660251842714622,0.0,-0.08873051267687355,0.06660915119780325,0.7644656493480956,mbert_full,ig
video_30,JOKE,59,0.0660251842714622,0.0,-0.08873051267687355,0.06660915119780325,0.7644656493480956,mbert_full,ig
video_30,IDEOLOGICAL AND INEQUALITY,12,0.0,0.08288267812800575,,,0.7644656493480956,mbert_full,ig
video_106,IMPLICIT SEXISM,63,0.04588643907975583,0.0,0.19963191512512954,0.1783803225619233,0.8275602605787791,mbert_full,ig
video_106,STEREOTYPE,63,0.04588643907975583,0.0,0.19963191512512954,0.1783803225619233,0.8275602605787791,mbert_full,ig
video_107,IMPLICIT SEXISM,28,0.0,0.11314797560745812,,,0.7046315005322743,mbert_full,ig
video_107,INEQUALITY\/DISCRIMINATION,28,0.0,0.11314797560745812,,,0.7046315005322743,mbert_full,ig
video_327,STEREOTYPE,54,0.026187244455049562,0.0,0.1421432407047575,0.26627567691936826,0.8871585623268012,mbert_full,ig
video_327,IMPLICIT SEXISM,54,0.026187244455049562,0.0,0.1421432407047575,0.26627567691936826,0.8871585623268012,mbert_full,ig
video_373,STEREOTYPE,31,0.06526657509468671,0.0,-0.17310520747682748,-0.1483768518529332,0.8550328771113119,mbert_full,ig
video_373,INEQUALITY\/DISCRIMINATION,59,0.03429260725314048,0.0,-0.12742926600401283,-0.10497239240156522,0.8550328771113119,mbert_full,ig
video_375,STEREOTYPE,74,0.022938891460964294,0.0,0.17275985715254566,0.30365627260947126,0.8408745857534694,mbert_full,ig
video_375,IMPLICIT SEXISM,74,0.022938891460964294,0.0,0.17275985715254566,0.30365627260947126,0.8408745857534694,mbert_full,ig
video_375,IRONY,70,0.024249685258733684,0.0,0.20739450567211448,0.33477962525823307,0.8408745857534694,mbert_full,ig
video_375,INEQUALITY\/DISCRIMINATION,74,0.022938891460964294,0.0,0.17275985715254566,0.30365627260947126,0.8408745857534694,mbert_full,ig
video_383,STEREOTYPE,74,0.07442070996159762,0.0,-0.016267552977808578,-0.12413384146396898,0.6261454355902868,mbert_full,ig
video_383,IMPLICIT SEXISM,37,0.0,0.14884141992319525,,,0.6261454355902868,mbert_full,ig
video_144,INEQUALITY\/DISCRIMINATION,85,0.011764705882352941,0.0,0.10692336725967674,0.12253378472602318,0.953761531974144,mbert_full,ig
video_144,STEREOTYPE,85,0.011764705882352941,0.0,0.10692336725967674,0.12253378472602318,0.953761531974144,mbert_full,ig
video_144,IMPLICIT SEXISM,64,0.0,0.047619047619047616,,,0.953761531974144,mbert_full,ig
video_148,STEREOTYPE,50,0.03672222968784144,0.0,0.11517385498830641,0.10423337210058377,0.8488751203283145,mbert_full,ig
video_148,INEQUALITY\/DISCRIMINATION,23,0.0,0.039066201795576,,,0.8488751203283145,mbert_full,ig
video_148,IRONY,5,0.0,0.02824786899064726,,,0.8488751203283145,mbert_full,ig
video_148,OBJECTIFICATION,15,0.0,0.033383845170764946,,,0.8488751203283145,mbert_full,ig
video_148,IMPLICIT SEXISM,15,0.0,0.033383845170764946,,,0.8488751203283145,mbert_full,ig
video_150,STEREOTYPE,34,0.0,0.3593391822049242,,,0.619601660814537,mbert_full,ig
video_150,INEQUALITY\/DISCRIMINATION,13,0.0,0.14972465925205172,,,0.619601660814537,mbert_full,ig
video_201,STEREOTYPE,106,0.01832167461205726,0.0,0.07033334496879354,0.08390483931078355,0.8514744323740847,mbert_full,ig
video_201,IMPLICIT SEXISM,27,0.0,0.024583512770608475,,,0.8514744323740847,mbert_full,ig
video_201,OBJECTIFICATION,43,0.0,0.03082694458536618,,,0.8514744323740847,mbert_full,ig
video_356,INEQUALITY\/DISCRIMINATION,40,0.050235584302531056,0.0,0.14367957564266404,0.3352523431662161,0.8951162293027755,mbert_full,ig
video_356,IMPLICIT SEXISM,5,0.40188467442024844,0.0,0.15389675281277312,0.8720815992723809,0.8951162293027755,mbert_full,ig
video_357,INEQUALITY\/DISCRIMINATION,95,0.023131038899287013,0.0,0.22249133032009558,0.23049332883104487,0.8330863374932391,mbert_full,ig
video_59,STEREOTYPE,56,0.017857142857142856,0.0,0.21283645198172974,0.22969851718749998,0.9351530779109262,mbert_full,ig
video_59,INEQUALITY\/DISCRIMINATION,56,0.017857142857142856,0.0,0.21283645198172974,0.22969851718749998,0.9351530779109262,mbert_full,ig
video_59,IRONY,56,0.017857142857142856,0.0,0.21283645198172974,0.22969851718749998,0.9351530779109262,mbert_full,ig
video_59,IMPLICIT SEXISM,56,0.017857142857142856,0.0,0.21283645198172974,0.22969851718749998,0.9351530779109262,mbert_full,ig
video_59,JOKE,56,0.017857142857142856,0.0,0.21283645198172974,0.22969851718749998,0.9351530779109262,mbert_full,ig
video_62,STEREOTYPE,64,0.02952869887697201,0.0,0.027954600805479943,0.1540984051852155,0.7469618957809107,mbert_full,ig
video_62,IRONY,8,0.0,0.03374708443082516,,,0.7469618957809107,mbert_full,ig
video_76,INEQUALITY\/DISCRIMINATION,73,0.0136986301369863,0.0,0.16783173835313633,0.19024747953151458,0.9476550929449863,mbert_full,ig
video_76,STEREOTYPE,22,0.0,0.0196078431372549,,,0.9476550929449863,mbert_full,ig
video_76,IMPLICIT SEXISM,22,0.0,0.0196078431372549,,,0.9476550929449863,mbert_full,ig
video_37,CRITIQUE,21,0.08901826871616925,0.0,0.1727573764157606,0.4186993599890917,0.7015631092056176,mbert_full,ig
video_37,IRONY,21,0.08901826871616925,0.0,0.1727573764157606,0.4186993599890917,0.7015631092056176,mbert_full,ig
video_37,JOKE,21,0.08901826871616925,0.0,0.1727573764157606,0.4186993599890917,0.7015631092056176,mbert_full,ig
video_390,CRITIQUE,40,0.025,0.0,-0.14566799115586984,-0.13190628263758855,0.9152186444228599,mbert_full,ig
video_099,CRITIQUE,67,0.014925373134328358,0.0,,,0.9438843463479044,mbert_full,ig
video_399,CRITIQUE,69,0.014492753623188406,0.0,0.1400913499539969,0.1493848508240327,0.9452056244772565,mbert_full,ig
video_399,STEREOTYPE,69,0.014492753623188406,0.0,0.1400913499539969,0.1493848508240327,0.9452056244772565,mbert_full,ig
video_399,REPORTED SEXISM,69,0.014492753623188406,0.0,0.1400913499539969,0.1493848508240327,0.9452056244772565,mbert_full,ig
video_133,CRITIQUE,81,0.03055637074995885,0.0,0.03207426071903317,0.020940260107003495,0.7859360585313049,mbert_full,ig
video_136,CRITIQUE,47,0.0,0.0,,,0.0,mbert_full,ig
video_166,JOKE,30,0.03333333333333333,0.0,0.1394831586522837,0.10734253018329497,0.8937772036120079,mbert_full,ig
video_166,CRITIQUE,30,0.03333333333333333,0.0,0.1394831586522837,0.10734253018329497,0.8937772036120079,mbert_full,ig
video_214,CRITIQUE,35,0.0,0.0,,,0.0,mbert_full,ig
video_215,CRITIQUE,58,0.017241379310344827,0.0,-0.21767215635778503,-0.22167760948182821,0.9386538169042495,mbert_full,ig
video_217,CRITIQUE,85,0.019019991380865166,0.0,-0.09160706509968937,0.023646803244204026,0.9069083263665806,mbert_full,ig
video_217,REPORTED SEXISM,14,0.0,0.02277041221652872,,,0.9069083263665806,mbert_full,ig
video_352,CRITIQUE,67,0.023574753789786986,0.0,0.22290651318389562,0.2769958508056286,0.909581574881572,mbert_full,ig
video_359,CRITIQUE,62,0.018392123584522142,0.0,0.00016458997689448277,0.005353087769359639,0.9057621438968367,mbert_full,ig
video_362,CRITIQUE,95,0.03834517567716106,0.0,0.24493004581365382,0.256770601653292,0.532255700602514,mbert_full,ig
video_364,CRITIQUE,78,0.039753885039847905,0.0,-0.17318587906151803,-0.08840141500144806,0.8308266628993752,mbert_full,ig
video_45,CRITIQUE,61,0.08813462255164134,0.0,0.5058841248330557,0.49646613153319186,0.5710452855164746,mbert_full,ig
video_55,CRITIQUE,98,0.023951921519277327,0.0,0.1734015618474461,0.30245541219541827,0.8078499322147585,mbert_full,ig
video_55,REPORTED SEXISM,49,0.0,0.047903843038554654,,,0.8078499322147585,mbert_full,ig
video_60,CRITIQUE,25,0.16326201231535373,0.0,-0.012160174520106377,0.24638577542306636,0.451834274868922,mbert_full,ig
video_78,CRITIQUE,73,0.0136986301369863,0.0,0.11751396156685154,0.13154841833692077,0.9476550929449863,mbert_full,ig
video_124,CRITIQUE,83,0.01248921255887953,0.0,-0.2230844920960495,-0.16359347870303215,0.846356195991423,mbert_full,ig
video_124,REPORTED SEXISM,83,0.01248921255887953,0.0,-0.2230844920960495,-0.16359347870303215,0.846356195991423,mbert_full,ig
video_04,JOKE,49,0.07448979591836735,0.0,,,0.7070866011228262,mbert_full,lrp
video_04,IDEOLOGICAL AND INEQUALITY,29,0.12586206896551724,0.0,,,0.7070866011228262,mbert_full,lrp
video_04,INEQUALITY\/DISCRIMINATION,24,0.0,0.09864864864864864,,,0.7070866011228262,mbert_full,lrp
video_04,IRONY,12,0.0,0.07448979591836735,,,0.7070866011228262,mbert_full,lrp
video_05,IRONY,86,0.011627906976744186,0.0,,,0.9542016542350434,mbert_full,lrp
video_05,JOKE,53,0.018867924528301886,0.0,,,0.9542016542350434,mbert_full,lrp
video_05,INEQUALITY\/DISCRIMINATION,86,0.011627906976744186,0.0,,,0.9542016542350434,mbert_full,lrp
video_05,IDEOLOGICAL AND INEQUALITY,45,0.0,0.024390243902439025,,,0.9542016542350434,mbert_full,lrp
video_05,IMPLICIT SEXISM,7,0.0,0.012658227848101266,,,0.9542016542350434,mbert_full,lrp
video_30,INEQUALITY\/DISCRIMINATION,59,0.04110169491525424,0.0,-0.09185168648962791,0.06002081939449999,0.7899985331513918,mbert_full,lrp
video_30,IRONY,59,0.04110169491525424,0.0,-0.09185168648962791,0.06002081939449999,0.7899985331513918,mbert_full,lrp
video_30,JOKE,59,0.04110169491525424,0.0,-0.09185168648962791,0.06002081939449999,0.7899985331513918,mbert_full,lrp
video_30,IDEOLOGICAL AND INEQUALITY,12,0.0,0.05159574468085107,,,0.7899985331513918,mbert_full,lrp
video_106,IMPLICIT SEXISM,63,0.035247432306255835,0.0,0.2909674024681356,0.2685454724203276,0.8614659223603298,mbert_full,lrp
video_106,STEREOTYPE,63,0.035247432306255835,0.0,0.2909674024681356,0.2685454724203276,0.8614659223603298,mbert_full,lrp
video_107,IMPLICIT SEXISM,28,0.0,0.14818181818181816,,,0.6840309714147886,mbert_full,lrp
video_107,INEQUALITY\/DISCRIMINATION,28,0.0,0.14818181818181816,,,0.6840309714147886,mbert_full,lrp
video_327,STEREOTYPE,54,0.0210727969348659,0.0,0.1472697182383717,0.26872338504600723,0.8955144477005589,mbert_full,lrp
video_327,IMPLICIT SEXISM,54,0.0210727969348659,0.0,0.1472697182383717,0.26872338504600723,0.8955144477005589,mbert_full,lrp
video_373,STEREOTYPE,31,0.07834101382488479,0.0,-0.21716835119820177,-0.19415268912671046,0.8540670115547752,mbert_full,lrp
video_373,INEQUALITY\/DISCRIMINATION,59,0.04116222760290557,0.0,-0.14464528264146695,-0.12255777481711033,0.8540670115547752,mbert_full,lrp
video_375,STEREOTYPE,74,0.03853853853853854,0.0,0.22764409751635864,0.33491202672974885,0.8471183679564617,mbert_full,lrp
video_375,IMPLICIT SEXISM,74,0.03853853853853854,0.0,0.22764409751635864,0.33491202672974885,0.8471183679564617,mbert_full,lrp
video_375,IRONY,70,0.04074074074074074,0.0,0.2629748255968819,0.36310324423605694,0.8471183679564617,mbert_full,lrp
video_375,INEQUALITY\/DISCRIMINATION,74,0.03853853853853854,0.0,0.22764409751635864,0.33491202672974885,0.8471183679564617,mbert_full,lrp
video_383,STEREOTYPE,74,0.03405405405405406,0.0,0.010098415093562317,-0.07560967461802025,0.6679963194630947,mbert_full,lrp
video_383,IMPLICIT SEXISM,37,0.0,0.06810810810810812,,,0.6679963194630947,mbert_full,lrp
video_143,OBJECTIFICATION,44,0.022727272727272728,0.0,0.13816968865032075,0.19841849104930276,0.9730188943255537,mbert_full,lrp
video_143,STEREOTYPE,45,0.022222222222222223,0.0,0.10452749388792273,0.16266269795836466,0.9730188943255537,mbert_full,lrp
video_144,INEQUALITY\/DISCRIMINATION,85,0.011764705882352941,0.0,0.10692336725967674,0.12253378472602318,0.953761531974144,mbert_full,lrp
video_144,STEREOTYPE,85,0.011764705882352941,0.0,0.10692336725967674,0.12253378472602318,0.953761531974144,mbert_full,lrp
video_144,IMPLICIT SEXISM,64,0.0,0.047619047619047616,,,0.953761531974144,mbert_full,lrp
video_148,STEREOTYPE,50,0.0376,0.0,0.12375063142360582,0.11271926703373575,0.8564559835482632,mbert_full,lrp
video_148,INEQUALITY\/DISCRIMINATION,23,0.0,0.04,,,0.8564559835482632,mbert_full,lrp
video_148,IRONY,5,0.0,0.028923076923076926,,,0.8564559835482632,mbert_full,lrp
video_148,OBJECTIFICATION,15,0.0,0.03418181818181818,,,0.8564559835482632,mbert_full,lrp
video_148,IMPLICIT SEXISM,15,0.0,0.03418181818181818,,,0.8564559835482632,mbert_full,lrp
video_150,STEREOTYPE,34,0.0,0.5041666666666667,,,0.5496503538814576,mbert_full,lrp
video_150,INEQUALITY\/DISCRIMINATION,13,0.0,0.21006944444444445,,,0.5496503538814576,mbert_full,lrp
video_151,INEQUALITY\/DISCRIMINATION,44,0.0,0.0,,,0.0,mbert_full,lrp
video_201,STEREOTYPE,106,0.02287735849056604,0.0,0.08168839726194758,0.09540451930639196,0.8493290756678111,mbert_full,lrp
video_201,IMPLICIT SEXISM,27,0.0,0.030696202531645574,,,0.8493290756678111,mbert_full,lrp
video_201,OBJECTIFICATION,43,0.0,0.038492063492063494,,,0.8493290756678111,mbert_full,lrp
video_356,INEQUALITY\/DISCRIMINATION,40,0.028298611111111104,0.0,0.13170627767244203,0.32905925800920466,0.9154820202515763,mbert_full,lrp
video_356,IMPLICIT SEXISM,5,0.22638888888888883,0.0,-0.05129891760425771,0.5642880936468347,0.9154820202515763,mbert_full,lrp
video_357,INEQUALITY\/DISCRIMINATION,95,0.028708133971291863,0.0,0.22644599324886197,0.23396952350023872,0.8369884364342576,mbert_full,lrp
video_59,STEREOTYPE,56,0.017857142857142856,0.0,0.21283645198172974,0.22969851718749998,0.9351530779109262,mbert_full,lrp
video_59,INEQUALITY\/DISCRIMINATION,56,0.017857142857142856,0.0,0.21283645198172974,0.22969851718749998,0.9351530779109262,mbert_full,lrp
video_59,IRONY,56,0.017857142857142856,0.0,0.21283645198172974,0.22969851718749998,0.9351530779109262,mbert_full,lrp
video_59,IMPLICIT SEXISM,56,0.017857142857142856,0.0,0.21283645198172974,0.22969851718749998,0.9351530779109262,mbert_full,lrp
video_59,JOKE,56,0.017857142857142856,0.0,0.21283645198172974,0.22969851718749998,0.9351530779109262,mbert_full,lrp
video_62,STEREOTYPE,64,0.08515625,0.0,0.04257717576949682,0.16594712393932262,0.7108691469239259,mbert_full,lrp
video_62,IRONY,8,0.0,0.09732142857142857,,,0.7108691469239259,mbert_full,lrp
video_76,INEQUALITY\/DISCRIMINATION,73,0.0136986301369863,0.0,0.16783173835313633,0.19024747953151458,0.9476550929449863,mbert_full,lrp
video_76,STEREOTYPE,22,0.0,0.0196078431372549,,,0.9476550929449863,mbert_full,lrp
video_76,IMPLICIT SEXISM,22,0.0,0.0196078431372549,,,0.9476550929449863,mbert_full,lrp
video_37,CRITIQUE,21,0.05996472663139329,0.0,0.1727573764157606,0.4186993599890917,0.7370590218352294,mbert_full,lrp
video_37,IRONY,21,0.05996472663139329,0.0,0.1727573764157606,0.4186993599890917,0.7370590218352294,mbert_full,lrp
video_37,JOKE,21,0.05996472663139329,0.0,0.1727573764157606,0.4186993599890917,0.7370590218352294,mbert_full,lrp
video_390,CRITIQUE,40,0.025,0.0,-0.14566799115586984,-0.13190628263758855,0.9152186444228599,mbert_full,lrp
video_099,CRITIQUE,67,0.014925373134328358,0.0,,,0.9438843463479044,mbert_full,lrp
video_399,CRITIQUE,69,0.014492753623188406,0.0,0.1400913499539969,0.1493848508240327,0.9452056244772565,mbert_full,lrp
video_399,STEREOTYPE,69,0.014492753623188406,0.0,0.1400913499539969,0.1493848508240327,0.9452056244772565,mbert_full,lrp
video_399,REPORTED SEXISM,69,0.014492753623188406,0.0,0.1400913499539969,0.1493848508240327,0.9452056244772565,mbert_full,lrp
video_133,CRITIQUE,81,0.03041796816897218,0.0,0.04682405680479264,0.037404239377786225,0.7998162095650889,mbert_full,lrp
video_136,CRITIQUE,47,0.0,0.0,,,0.0,mbert_full,lrp
video_166,JOKE,30,0.03333333333333333,0.0,0.1394831586522837,0.10734253018329497,0.8937772036120079,mbert_full,lrp
video_166,CRITIQUE,30,0.03333333333333333,0.0,0.1394831586522837,0.10734253018329497,0.8937772036120079,mbert_full,lrp
video_214,CRITIQUE,35,0.0,0.0,,,0.0,mbert_full,lrp
video_215,CRITIQUE,58,0.017241379310344827,0.0,-0.21767215635778503,-0.22167760948182821,0.9386538169042495,mbert_full,lrp
video_217,CRITIQUE,85,0.028235294117647056,0.0,-0.0892832543695237,0.02147344009813479,0.8894880580835014,mbert_full,lrp
video_217,REPORTED SEXISM,14,0.0,0.03380281690140845,,,0.8894880580835014,mbert_full,lrp
video_352,CRITIQUE,67,0.02345415778251599,0.0,0.22290651318389562,0.2769958508056286,0.9096178907207487,mbert_full,lrp
video_359,CRITIQUE,62,0.02445369406867846,0.0,0.010039988590563449,0.015071000950658676,0.8976617062943019,mbert_full,lrp
video_362,CRITIQUE,95,0.10622469635627528,0.0,0.309426261870504,0.32508417390383787,0.47285984815472176,mbert_full,lrp
video_364,CRITIQUE,78,0.029246794871794872,0.0,-0.16845472348487833,-0.08137030625563159,0.8411666795224795,mbert_full,lrp
video_45,CRITIQUE,61,0.05940983606557377,0.0,0.544264015830314,0.5398576964692242,0.6067955119350749,mbert_full,lrp
video_55,CRITIQUE,98,0.017857142857142856,0.0,0.1736201529031969,0.3057951543966537,0.8144455997105822,mbert_full,lrp
video_55,REPORTED SEXISM,49,0.0,0.03571428571428571,,,0.8144455997105822,mbert_full,lrp
video_60,CRITIQUE,25,0.23346153846153847,0.0,-0.017375937216048166,0.265788082760285,0.42416839713376076,mbert_full,lrp
video_78,CRITIQUE,73,0.0136986301369863,0.0,0.11751396156685154,0.13154841833692077,0.9476550929449863,mbert_full,lrp
video_124,CRITIQUE,83,0.03162650602409638,0.0,-0.2266489555625465,-0.16718613978816999,0.8555238353795052,mbert_full,lrp
video_124,REPORTED SEXISM,83,0.03162650602409638,0.0,-0.2266489555625465,-0.16718613978816999,0.8555238353795052,mbert_full,lrp
video_04,JOKE,49,0.06069855465159544,0.0,,,0.6996607001699887,beto_full,saliency
video_04,IDEOLOGICAL AND INEQUALITY,29,0.10255962682510954,0.0,,,0.6996607001699887,beto_full,saliency
video_04,INEQUALITY\/DISCRIMINATION,24,0.0,0.0803845723764372,,,0.6996607001699887,beto_full,saliency
video_04,IRONY,12,0.0,0.06069855465159544,,,0.6996607001699887,beto_full,saliency
video_05,IRONY,86,0.010944570955126144,0.0,,,0.9542016542350434,beto_full,saliency
video_05,JOKE,53,0.017759115134732988,0.0,,,0.9542016542350434,beto_full,saliency
video_05,INEQUALITY\/DISCRIMINATION,86,0.010944570955126144,0.0,,,0.9542016542350434,beto_full,saliency
video_05,IDEOLOGICAL AND INEQUALITY,45,0.0,0.022956904930264595,,,0.9542016542350434,beto_full,saliency
video_05,IMPLICIT SEXISM,7,0.0,0.01191434306507403,,,0.9542016542350434,beto_full,saliency
video_30,INEQUALITY\/DISCRIMINATION,59,0.06515358679551009,0.0,-0.07412787805291572,0.0798974814451437,0.7591559868288391,beto_full,saliency
video_30,IRONY,59,0.06515358679551009,0.0,-0.07412787805291572,0.0798974814451437,0.7591559868288391,beto_full,saliency
video_30,JOKE,59,0.06515358679551009,0.0,-0.07412787805291572,0.0798974814451437,0.7591559868288391,beto_full,saliency
video_30,IDEOLOGICAL AND INEQUALITY,12,0.0,0.08178854512627862,,,0.7591559868288391,beto_full,saliency
video_106,IMPLICIT SEXISM,63,0.0436527492557711,0.0,0.20099614233555185,0.1825908947691266,0.8300612555182215,beto_full,saliency
video_106,STEREOTYPE,63,0.0436527492557711,0.0,0.20099614233555185,0.1825908947691266,0.8300612555182215,beto_full,saliency
video_107,IMPLICIT SEXISM,28,0.0,0.1428242678754142,,,0.6578293026006238,beto_full,saliency
video_107,INEQUALITY\/DISCRIMINATION,28,0.0,0.1428242678754142,,,0.6578293026006238,beto_full,saliency
video_327,STEREOTYPE,54,0.03281814742813805,0.0,0.1421432407047575,0.26627567691936826,0.8849557882476574,beto_full,saliency
video_327,IMPLICIT SEXISM,54,0.03281814742813805,0.0,0.1421432407047575,0.26627567691936826,0.8849557882476574,beto_full,saliency
video_373,STEREOTYPE,31,0.09086252231559618,0.0,-0.17389204932899488,-0.14995532900030484,0.8531865324009151,beto_full,saliency
video_373,INEQUALITY\/DISCRIMINATION,59,0.047741325284465785,0.0,-0.12758298043827582,-0.10574368110400142,0.8531865324009151,beto_full,saliency
video_375,STEREOTYPE,74,0.04643034009090466,0.0,0.17786807291696155,0.30675654421358456,0.82073370662598,beto_full,saliency
video_375,IMPLICIT SEXISM,74,0.04643034009090466,0.0,0.17786807291696155,0.30675654421358456,0.82073370662598,beto_full,saliency
video_375,IRONY,70,0.0490835023818135,0.0,0.21288424490336727,0.33795716798683834,0.82073370662598,beto_full,saliency
video_375,INEQUALITY\/DISCRIMINATION,74,0.04643034009090466,0.0,0.17786807291696155,0.30675654421358456,0.82073370662598,beto_full,saliency
video_383,STEREOTYPE,74,0.07480086341839876,0.0,-0.04011839915273602,-0.1438520009934802,0.6021988261383698,beto_full,saliency
video_383,IMPLICIT SEXISM,37,0.0,0.1496017268367975,,,0.6021988261383698,beto_full,saliency
video_143,OBJECTIFICATION,44,0.022727272727272728,0.0,0.13816968865032075,0.19841849104930276,0.9730188943255537,beto_full,saliency
video_143,STEREOTYPE,45,0.022222222222222223,0.0,0.10452749388792273,0.16266269795836466,0.9730188943255537,beto_full,saliency
video_144,INEQUALITY\/DISCRIMINATION,85,0.011764705882352941,0.0,0.10692336725967674,0.12253378472602318,0.953761531974144,beto_full,saliency
video_144,STEREOTYPE,85,0.011764705882352941,0.0,0.10692336725967674,0.12253378472602318,0.953761531974144,beto_full,saliency
video_144,IMPLICIT SEXISM,64,0.0,0.047619047619047616,,,0.953761531974144,beto_full,saliency
video_148,STEREOTYPE,50,0.05463338814912957,0.0,0.1074139144039879,0.09605419626140113,0.8420717733144271,beto_full,saliency
video_148,INEQUALITY\/DISCRIMINATION,23,0.0,0.05812062569056337,,,0.8420717733144271,beto_full,saliency
video_148,IRONY,5,0.0,0.04202568319163813,,,0.8420717733144271,beto_full,saliency
video_148,OBJECTIFICATION,15,0.0,0.0496667164992087,,,0.8420717733144271,beto_full,saliency
video_148,IMPLICIT SEXISM,15,0.0,0.0496667164992087,,,0.8420717733144271,beto_full,saliency
video_150,STEREOTYPE,34,0.0,0.3683804409518689,,,0.5430409476431522,beto_full,saliency
video_150,INEQUALITY\/DISCRIMINATION,13,0.0,0.15349185039661206,,,0.5430409476431522,beto_full,saliency
video_151,INEQUALITY\/DISCRIMINATION,44,0.0,0.0,,,0.0,beto_full,saliency
video_201,STEREOTYPE,106,0.02847544743295195,0.0,0.07884333981377374,0.09302397218791444,0.8420345464305166,beto_full,saliency
video_201,IMPLICIT SEXISM,27,0.0,0.03820756237839122,,,0.8420345464305166,beto_full,saliency
video_201,OBJECTIFICATION,43,0.0,0.04791107028401439,,,0.8420345464305166,beto_full,saliency
video_356,INEQUALITY\/DISCRIMINATION,40,0.04941419229755143,0.0,0.1308805329848405,0.3298850026968062,0.8953871700845079,beto_full,saliency
video_356,IMPLICIT SEXISM,5,0.39531353838041144,0.0,-0.15389675281277312,0.6668859288553503,0.8953871700845079,beto_full,saliency
video_357,INEQUALITY\/DISCRIMINATION,95,0.027350666580687823,0.0,0.23179641956425193,0.24137099061885722,0.8366497465894271,beto_full,saliency
video_59,STEREOTYPE,56,0.012459311846989491,0.0,0.21283645198172974,0.22969851718749998,0.9351530779109262,beto_full,saliency
video_59,INEQUALITY\/DISCRIMINATION,56,0.012459311846989491,0.0,0.21283645198172974,0.22969851718749998,0.9351530779109262,beto_full,saliency
video_59,IRONY,56,0.012459311846989491,0.0,0.21283645198172974,0.22969851718749998,0.9351530779109262,beto_full,saliency
video_59,IMPLICIT SEXISM,56,0.012459311846989491,0.0,0.21283645198172974,0.22969851718749998,0.9351530779109262,beto_full,saliency
video_59,JOKE,56,0.012459311846989491,0.0,0.21283645198172974,0.22969851718749998,0.9351530779109262,beto_full,saliency
video_62,STEREOTYPE,64,0.059059666681126985,0.0,0.044848573649984076,0.17808863894867874,0.7064515425664806,beto_full,saliency
video_62,IRONY,8,0.0,0.06749676192128798,,,0.7064515425664806,beto_full,saliency
video_76,INEQUALITY\/DISCRIMINATION,73,0.0136986301369863,0.0,0.16783173835313633,0.19024747953151458,0.9476550929449863,beto_full,saliency
video_76,STEREOTYPE,22,0.0,0.0196078431372549,,,0.9476550929449863,beto_full,saliency
video_76,IMPLICIT SEXISM,22,0.0,0.0196078431372549,,,0.9476550929449863,beto_full,saliency
video_37,CRITIQUE,21,0.07551000626265039,0.0,0.1727573764157606,0.4186993599890917,0.7067643554354692,beto_full,saliency
video_37,IRONY,21,0.07551000626265039,0.0,0.1727573764157606,0.4186993599890917,0.7067643554354692,beto_full,saliency
video_37,JOKE,21,0.07551000626265039,0.0,0.1727573764157606,0.4186993599890917,0.7067643554354692,beto_full,saliency
video_390,CRITIQUE,40,0.025,0.0,-0.14566799115586984,-0.13190628263758855,0.9152186444228599,beto_full,saliency
video_099,CRITIQUE,67,0.014925373134328358,0.0,,,0.9438843463479044,beto_full,saliency
video_399,CRITIQUE,69,0.014492753623188406,0.0,0.1400913499539969,0.1493848508240327,0.9452056244772565,beto_full,saliency
video_399,STEREOTYPE,69,0.014492753623188406,0.0,0.1400913499539969,0.1493848508240327,0.9452056244772565,beto_full,saliency
video_399,REPORTED SEXISM,69,0.014492753623188406,0.0,0.1400913499539969,0.1493848508240327,0.9452056244772565,beto_full,saliency
video_133,CRITIQUE,81,0.03267746324034731,0.0,0.03678721331448294,0.02487065303636807,0.7780562566242532,beto_full,saliency
video_136,CRITIQUE,47,0.0,0.0,,,0.0,beto_full,saliency
video_166,JOKE,30,0.03333333333333333,0.0,0.1394831586522837,0.10734253018329497,0.8937772036120079,beto_full,saliency
video_166,CRITIQUE,30,0.03333333333333333,0.0,0.1394831586522837,0.10734253018329497,0.8937772036120079,beto_full,saliency
video_214,CRITIQUE,35,0.0,0.0,,,0.0,beto_full,saliency
video_215,CRITIQUE,58,0.017241379310344827,0.0,-0.21767215635778503,-0.22167760948182821,0.9386538169042495,beto_full,saliency
video_217,CRITIQUE,85,0.030759202565505524,0.0,-0.08744866695097184,0.027962918787806313,0.8894976800609893,beto_full,saliency
video_217,REPORTED SEXISM,14,0.0,0.03682439743757704,,,0.8894976800609893,beto_full,saliency
video_352,CRITIQUE,67,0.02376507688963986,0.0,0.22168770478860092,0.27686033424456913,0.9095270106853433,beto_full,saliency
video_359,CRITIQUE,62,0.022765419337403073,0.0,0.00016458997689448277,0.005353087769359639,0.898599047163173,beto_full,saliency
video_362,CRITIQUE,95,0.11375080153045786,0.0,0.24724695688815224,0.2355843709832188,0.41412470858361183,beto_full,saliency
video_364,CRITIQUE,78,0.03643574600439601,0.0,-0.17449676477951334,-0.08893790369666925,0.828870567449612,beto_full,saliency
video_45,CRITIQUE,61,0.07147293094189915,0.0,0.5490477283144131,0.5447450647813872,0.5519397522380847,beto_full,saliency
video_55,CRITIQUE,98,0.02228874210474472,0.0,0.17312153289929633,0.3075992550296405,0.7988953474756891,beto_full,saliency
video_55,REPORTED SEXISM,49,0.0,0.04457748420948944,,,0.7988953474756891,beto_full,saliency
video_60,CRITIQUE,25,0.1415173853894233,0.0,0.05993228870623859,0.3441579085274578,0.4287011818547449,beto_full,saliency
video_78,CRITIQUE,73,0.0136986301369863,0.0,0.11751396156685154,0.13154841833692077,0.9476550929449863,beto_full,saliency
video_124,CRITIQUE,83,0.0312593577906406,0.0,-0.22654711374921802,-0.16751737804424655,0.8378359625750147,beto_full,saliency
video_124,REPORTED SEXISM,83,0.0312593577906406,0.0,-0.22654711374921802,-0.16751737804424655,0.8378359625750147,beto_full,saliency
video_04,JOKE,49,0.058403339959821866,0.0,,,0.7133741814789936,beto_full,input_x_gradient
video_04,IDEOLOGICAL AND INEQUALITY,29,0.0986815054493542,0.0,,,0.7133741814789936,beto_full,input_x_gradient
video_04,INEQUALITY\/DISCRIMINATION,24,0.0,0.07734496373057491,,,0.7133741814789936,beto_full,input_x_gradient
video_04,IRONY,12,0.0,0.058403339959821866,,,0.7133741814789936,beto_full,input_x_gradient
video_05,IRONY,86,0.0006601998858784803,0.0,,,0.9542016542350434,beto_full,input_x_gradient
video_05,JOKE,53,0.001071267739349987,0.0,,,0.9542016542350434,beto_full,input_x_gradient
video_05,INEQUALITY\/DISCRIMINATION,86,0.0006601998858784803,0.0,,,0.9542016542350434,beto_full,input_x_gradient
video_05,IDEOLOGICAL AND INEQUALITY,45,0.0,0.0013848095167207147,,,0.9542016542350434,beto_full,input_x_gradient
video_05,IMPLICIT SEXISM,7,0.0,0.000718698609943662,,,0.9542016542350434,beto_full,input_x_gradient
video_30,INEQUALITY\/DISCRIMINATION,59,0.06453263680790616,0.0,-0.08460610442430531,0.0722483165548679,0.7631734250555993,beto_full,input_x_gradient
video_30,IRONY,59,0.06453263680790616,0.0,-0.08460610442430531,0.0722483165548679,0.7631734250555993,beto_full,input_x_gradient
video_30,JOKE,59,0.06453263680790616,0.0,-0.08460610442430531,0.0722483165548679,0.7631734250555993,beto_full,input_x_gradient
video_30,IDEOLOGICAL AND INEQUALITY,12,0.0,0.08100905471630773,,,0.7631734250555993,beto_full,input_x_gradient
video_106,IMPLICIT SEXISM,63,0.030744905672593026,0.0,0.1916739230643328,0.17291795861744336,0.834320790907618,beto_full,input_x_gradient
video_106,STEREOTYPE,63,0.030744905672593026,0.0,0.1916739230643328,0.17291795861744336,0.834320790907618,beto_full,input_x_gradient
video_107,IMPLICIT SEXISM,28,0.0,0.12795219980689648,,,0.6772882352719081,beto_full,input_x_gradient
video_107,INEQUALITY\/DISCRIMINATION,28,0.0,0.12795219980689648,,,0.6772882352719081,beto_full,input_x_gradient
video_327,STEREOTYPE,54,0.03539520060231492,0.0,0.1421432407047575,0.26627567691936826,0.8847689426555095,beto_full,input_x_gradient
video_327,IMPLICIT SEXISM,54,0.03539520060231492,0.0,0.1421432407047575,0.26627567691936826,0.8847689426555095,beto_full,input_x_gradient
video_373,STEREOTYPE,31,0.05163610265038057,0.0,-0.19592362118968207,-0.17284324763719347,0.8596986023347875,beto_full,input_x_gradient
video_373,INEQUALITY\/DISCRIMINATION,59,0.02713083359596267,0.0,-0.13619098875700286,-0.11453637231177395,0.8596986023347875,beto_full,input_x_gradient
video_375,STEREOTYPE,74,0.03850543405004037,0.0,0.16697054595287428,0.2994657956061093,0.8360245921380973,beto_full,input_x_gradient
video_375,IMPLICIT SEXISM,74,0.03850543405004037,0.0,0.16697054595287428,0.2994657956061093,0.8360245921380973,beto_full,input_x_gradient
video_375,IRONY,70,0.04070574456718554,0.0,0.20088524344077188,0.3305429016200928,0.8360245921380973,beto_full,input_x_gradient
video_375,INEQUALITY\/DISCRIMINATION,74,0.03850543405004037,0.0,0.16697054595287428,0.2994657956061093,0.8360245921380973,beto_full,input_x_gradient
video_383,STEREOTYPE,74,0.048284582306720454,0.0,-0.021329941380769882,-0.12133460378545798,0.6158955213806462,beto_full,input_x_gradient
video_383,IMPLICIT SEXISM,37,0.0,0.09656916461344091,,,0.6158955213806462,beto_full,input_x_gradient
video_143,OBJECTIFICATION,44,0.022727272727272728,0.0,0.13816968865032075,0.19841849104930276,0.9730188943255537,beto_full,input_x_gradient
video_143,STEREOTYPE,45,0.022222222222222223,0.0,0.10452749388792273,0.16266269795836466,0.9730188943255537,beto_full,input_x_gradient
video_144,INEQUALITY\/DISCRIMINATION,85,0.011764705882352941,0.0,0.10692336725967674,0.12253378472602318,0.953761531974144,beto_full,input_x_gradient
video_144,STEREOTYPE,85,0.011764705882352941,0.0,0.10692336725967674,0.12253378472602318,0.953761531974144,beto_full,input_x_gradient
video_144,IMPLICIT SEXISM,64,0.0,0.047619047619047616,,,0.953761531974144,beto_full,input_x_gradient
video_148,STEREOTYPE,50,0.026093144273673773,0.0,0.12415904934909627,0.11118567156388902,0.8707163823157735,beto_full,input_x_gradient
video_148,INEQUALITY\/DISCRIMINATION,23,0.0,0.027758664120929546,,,0.8707163823157735,beto_full,input_x_gradient
video_148,IRONY,5,0.0,0.020071649441287517,,,0.8707163823157735,beto_full,input_x_gradient
video_148,OBJECTIFICATION,15,0.0,0.02372104024879434,,,0.8707163823157735,beto_full,input_x_gradient
video_148,IMPLICIT SEXISM,15,0.0,0.02372104024879434,,,0.8707163823157735,beto_full,input_x_gradient
video_150,STEREOTYPE,34,0.0,0.17798064227008445,,,0.5985999268970349,beto_full,input_x_gradient
video_150,INEQUALITY\/DISCRIMINATION,13,0.0,0.07415860094586853,,,0.5985999268970349,beto_full,input_x_gradient
video_151,INEQUALITY\/DISCRIMINATION,44,0.0,0.0,,,0.0,beto_full,input_x_gradient
video_201,STEREOTYPE,106,0.024402990164411668,0.0,0.08752957715554348,0.10221867798944141,0.8574117845121474,beto_full,input_x_gradient
video_201,IMPLICIT SEXISM,27,0.0,0.03274325262566629,,,0.8574117845121474,beto_full,input_x_gradient
video_201,OBJECTIFICATION,43,0.0,0.041058999324248203,,,0.8574117845121474,beto_full,input_x_gradient
video_356,INEQUALITY\/DISCRIMINATION,40,0.05041939051254381,0.0,0.13170627767244203,0.32905925800920466,0.8958859009851053,beto_full,input_x_gradient
video_356,IMPLICIT SEXISM,5,0.40335512410035046,0.0,-0.05129891760425771,0.5642880936468347,0.8958859009851053,beto_full,input_x_gradient
video_357,INEQUALITY\/DISCRIMINATION,95,0.018048410115035756,0.0,0.22707741001900117,0.23719623051374883,0.8469243823188515,beto_full,input_x_gradient
video_59,STEREOTYPE,56,0.01137718763060526,0.0,0.21283645198172974,0.22969851718749998,0.9351530779109262,beto_full,input_x_gradient
video_59,INEQUALITY\/DISCRIMINATION,56,0.01137718763060526,0.0,0.21283645198172974,0.22969851718749998,0.9351530779109262,beto_full,input_x_gradient
video_59,IRONY,56,0.01137718763060526,0.0,0.21283645198172974,0.22969851718749998,0.9351530779109262,beto_full,input_x_gradient
video_59,IMPLICIT SEXISM,56,0.01137718763060526,0.0,0.21283645198172974,0.22969851718749998,0.9351530779109262,beto_full,input_x_gradient
video_59,JOKE,56,0.01137718763060526,0.0,0.21283645198172974,0.22969851718749998,0.9351530779109262,beto_full,input_x_gradient
video_62,STEREOTYPE,64,0.03275273890277773,0.0,0.038409166960374885,0.1775580492603873,0.7557459526768392,beto_full,input_x_gradient
video_62,IRONY,8,0.0,0.03743170160317455,,,0.7557459526768392,beto_full,input_x_gradient
video_76,INEQUALITY\/DISCRIMINATION,73,0.0136986301369863,0.0,0.16783173835313633,0.19024747953151458,0.9476550929449863,beto_full,input_x_gradient
video_76,STEREOTYPE,22,0.0,0.0196078431372549,,,0.9476550929449863,beto_full,input_x_gradient
video_76,IMPLICIT SEXISM,22,0.0,0.0196078431372549,,,0.9476550929449863,beto_full,input_x_gradient
video_37,CRITIQUE,21,0.06266927810926257,0.0,0.1727573764157606,0.4186993599890917,0.7286281180658405,beto_full,input_x_gradient
video_37,IRONY,21,0.06266927810926257,0.0,0.1727573764157606,0.4186993599890917,0.7286281180658405,beto_full,input_x_gradient
video_37,JOKE,21,0.06266927810926257,0.0,0.1727573764157606,0.4186993599890917,0.7286281180658405,beto_full,input_x_gradient
video_390,CRITIQUE,40,0.025,0.0,-0.14566799115586984,-0.13190628263758855,0.9152186444228599,beto_full,input_x_gradient
video_099,CRITIQUE,67,0.014925373134328358,0.0,,,0.9438843463479044,beto_full,input_x_gradient
video_399,CRITIQUE,69,0.014492753623188406,0.0,0.1400913499539969,0.1493848508240327,0.9452056244772565,beto_full,input_x_gradient
video_399,STEREOTYPE,69,0.014492753623188406,0.0,0.1400913499539969,0.1493848508240327,0.9452056244772565,beto_full,input_x_gradient
video_399,REPORTED SEXISM,69,0.014492753623188406,0.0,0.1400913499539969,0.1493848508240327,0.9452056244772565,beto_full,input_x_gradient
video_133,CRITIQUE,81,0.023922069055831933,0.0,0.032379729868738244,0.023931725836575424,0.801859827202873,beto_full,input_x_gradient
video_136,CRITIQUE,47,0.0,0.0,,,0.0,beto_full,input_x_gradient
video_166,JOKE,30,0.03333333333333333,0.0,0.1394831586522837,0.10734253018329497,0.8937772036120079,beto_full,input_x_gradient
video_166,CRITIQUE,30,0.03333333333333333,0.0,0.1394831586522837,0.10734253018329497,0.8937772036120079,beto_full,input_x_gradient
video_214,CRITIQUE,35,0.0,0.0,,,0.0,beto_full,input_x_gradient
video_215,CRITIQUE,58,0.017241379310344827,0.0,-0.21767215635778503,-0.22167760948182821,0.9386538169042495,beto_full,input_x_gradient
video_217,CRITIQUE,85,0.017287614727434567,0.0,-0.0925243588089653,0.020402063899368265,0.8955879243663546,beto_full,input_x_gradient
video_217,REPORTED SEXISM,14,0.0,0.020696440166647016,,,0.8955879243663546,beto_full,input_x_gradient
video_352,CRITIQUE,67,0.01584999527928039,0.0,0.22168770478860092,0.27686033424456913,0.9229671927631901,beto_full,input_x_gradient
video_359,CRITIQUE,62,0.016572229782801554,0.0,0.00016458997689448277,0.005353087769359639,0.9200886922747066,beto_full,input_x_gradient
video_362,CRITIQUE,95,0.05250855819812841,0.0,0.21411280386288423,0.19428207795656804,0.565528844301253,beto_full,input_x_gradient
video_364,CRITIQUE,78,0.036613548703667065,0.0,-0.17592682192641734,-0.0909348338399926,0.8348987240420416,beto_full,input_x_gradient
video_45,CRITIQUE,61,0.0656094085675099,0.0,0.512576156380553,0.5064433313306691,0.5985787720160335,beto_full,input_x_gradient
video_55,CRITIQUE,98,0.020711034809667368,0.0,0.17856936879966387,0.308159475536338,0.8143498111562486,beto_full,input_x_gradient
video_55,REPORTED SEXISM,49,0.0,0.041422069619334735,,,0.8143498111562486,beto_full,input_x_gradient
video_60,CRITIQUE,25,0.1317263095491886,0.0,-0.033006187983145883,0.26029114546457977,0.4439211210045158,beto_full,input_x_gradient
video_78,CRITIQUE,73,0.0136986301369863,0.0,0.11751396156685154,0.13154841833692077,0.9476550929449863,beto_full,input_x_gradient
video_124,CRITIQUE,83,0.016924092055033854,0.0,-0.22471396110930525,-0.16407759615422093,0.8422368183767192,beto_full,input_x_gradient
video_124,REPORTED SEXISM,83,0.016924092055033854,0.0,-0.22471396110930525,-0.16407759615422093,0.8422368183767192,beto_full,input_x_gradient
video_04,JOKE,49,0.04545004111475391,0.0,,,0.723944084431419,beto_full,ig
video_04,IDEOLOGICAL AND INEQUALITY,29,0.0767948970559635,0.0,,,0.723944084431419,beto_full,ig
video_04,INEQUALITY\/DISCRIMINATION,24,0.0,0.060190594989809235,,,0.723944084431419,beto_full,ig
video_04,IRONY,12,0.0,0.04545004111475391,,,0.723944084431419,beto_full,ig
video_05,IRONY,86,0.008353625714555902,0.0,,,0.9542016542350434,beto_full,ig
video_05,JOKE,53,0.013554939838713352,0.0,,,0.9542016542350434,beto_full,ig
video_05,INEQUALITY\/DISCRIMINATION,86,0.008353625714555902,0.0,,,0.9542016542350434,beto_full,ig
video_05,IDEOLOGICAL AND INEQUALITY,45,0.0,0.017522239303702627,,,0.9542016542350434,beto_full,ig
video_05,IMPLICIT SEXISM,7,0.0,0.009093820398124147,,,0.9542016542350434,beto_full,ig
video_30,INEQUALITY\/DISCRIMINATION,59,0.07666462387529549,0.0,-0.06543317957452861,0.08866331274275907,0.7585610595911331,beto_full,ig
video_30,IRONY,59,0.07666462387529549,0.0,-0.06543317957452861,0.08866331274275907,0.7585610595911331,beto_full,ig
video_30,JOKE,59,0.07666462387529549,0.0,-0.06543317957452861,0.08866331274275907,0.7585610595911331,beto_full,ig
video_30,IDEOLOGICAL AND INEQUALITY,12,0.0,0.09623857039664753,,,0.7585610595911331,beto_full,ig
video_106,IMPLICIT SEXISM,63,0.024418659271962063,0.0,0.1919012942660699,0.17434044922798497,0.8411629126586468,beto_full,ig
video_106,STEREOTYPE,63,0.024418659271962063,0.0,0.1919012942660699,0.17434044922798497,0.8411629126586468,beto_full,ig
video_107,IMPLICIT SEXISM,28,0.0,0.14415739755651835,,,0.664165615153242,beto_full,ig
video_107,INEQUALITY\/DISCRIMINATION,28,0.0,0.14415739755651835,,,0.664165615153242,beto_full,ig
video_327,STEREOTYPE,54,0.027664778916647287,0.0,0.1421432407047575,0.26627567691936826,0.8863080337733419,beto_full,ig
video_327,IMPLICIT SEXISM,54,0.027664778916647287,0.0,0.1421432407047575,0.26627567691936826,0.8863080337733419,beto_full,ig
video_373,STEREOTYPE,31,0.08767276779124081,0.0,-0.21638150934603437,-0.19257421197933886,0.8532346040113046,beto_full,ig
video_373,INEQUALITY\/DISCRIMINATION,59,0.04606535256827907,0.0,-0.14449156820720394,-0.12178648611467413,0.8532346040113046,beto_full,ig
video_375,STEREOTYPE,74,0.029066300156202027,0.0,0.1731004048701734,0.304031030715463,0.8327846739719418,beto_full,ig
video_375,IMPLICIT SEXISM,74,0.029066300156202027,0.0,0.1731004048701734,0.304031030715463,0.8327846739719418,beto_full,ig
video_375,IRONY,70,0.030727231593699285,0.0,0.20762978021059675,0.33532883017428833,0.8327846739719418,beto_full,ig
video_375,INEQUALITY\/DISCRIMINATION,74,0.029066300156202027,0.0,0.1731004048701734,0.304031030715463,0.8327846739719418,beto_full,ig
video_383,STEREOTYPE,74,0.08756542917148864,0.0,0.028223844287241572,-0.08459460925500123,0.6248313056534589,beto_full,ig
video_383,IMPLICIT SEXISM,37,0.0,0.17513085834297729,,,0.6248313056534589,beto_full,ig
video_143,OBJECTIFICATION,44,0.022727272727272728,0.0,0.13816968865032075,0.19841849104930276,0.9730188943255537,beto_full,ig
video_143,STEREOTYPE,45,0.022222222222222223,0.0,0.10452749388792273,0.16266269795836466,0.9730188943255537,beto_full,ig
video_144,INEQUALITY\/DISCRIMINATION,85,0.011764705882352941,0.0,0.10692336725967674,0.12253378472602318,0.953761531974144,beto_full,ig
video_144,STEREOTYPE,85,0.011764705882352941,0.0,0.10692336725967674,0.12253378472602318,0.953761531974144,beto_full,ig
video_144,IMPLICIT SEXISM,64,0.0,0.047619047619047616,,,0.953761531974144,beto_full,ig
video_148,STEREOTYPE,50,0.033797452177900526,0.0,0.11558227291379686,0.10607368666439987,0.8654800924788573,beto_full,ig
video_148,INEQUALITY\/DISCRIMINATION,23,0.0,0.03595473635946864,,,0.8654800924788573,beto_full,ig
video_148,IRONY,5,0.0,0.02599804013684656,,,0.8654800924788573,beto_full,ig
video_148,OBJECTIFICATION,15,0.0,0.030724956525364115,,,0.8654800924788573,beto_full,ig
video_148,IMPLICIT SEXISM,15,0.0,0.030724956525364115,,,0.8654800924788573,beto_full,ig
video_150,STEREOTYPE,34,0.0,0.4111377194851783,,,0.5708807991242663,beto_full,ig
video_150,INEQUALITY\/DISCRIMINATION,13,0.0,0.1713073831188243,,,0.5708807991242663,beto_full,ig
video_201,STEREOTYPE,106,0.008620143698810237,0.0,0.07602345986514124,0.09073159348123236,0.8489508571757076,beto_full,ig
video_201,IMPLICIT SEXISM,27,0.0,0.011566268760428926,,,0.8489508571757076,beto_full,ig
video_201,OBJECTIFICATION,43,0.0,0.01450373384244262,,,0.8489508571757076,beto_full,ig
video_356,INEQUALITY\/DISCRIMINATION,40,0.03871437031742604,0.0,0.13170627767244203,0.32905925800920466,0.8957261941021665,beto_full,ig
video_356,IMPLICIT SEXISM,5,0.30971496253940833,0.0,-0.05129891760425771,0.5642880936468347,0.8957261941021665,beto_full,ig
video_357,INEQUALITY\/DISCRIMINATION,95,0.02623371848919221,0.0,0.22245809785850926,0.22956190824982553,0.8559131369379404,beto_full,ig
video_59,STEREOTYPE,56,0.017857142857142856,0.0,0.21283645198172974,0.22969851718749998,0.9351530779109262,beto_full,ig
video_59,INEQUALITY\/DISCRIMINATION,56,0.017857142857142856,0.0,0.21283645198172974,0.22969851718749998,0.9351530779109262,beto_full,ig
video_59,IRONY,56,0.017857142857142856,0.0,0.21283645198172974,0.22969851718749998,0.9351530779109262,beto_full,ig
video_59,IMPLICIT SEXISM,56,0.017857142857142856,0.0,0.21283645198172974,0.22969851718749998,0.9351530779109262,beto_full,ig
video_59,JOKE,56,0.017857142857142856,0.0,0.21283645198172974,0.22969851718749998,0.9351530779109262,beto_full,ig
video_62,STEREOTYPE,64,0.07001508242933044,0.0,0.046591001342466576,0.17354072733475207,0.7103292506848058,beto_full,ig
video_62,IRONY,8,0.0,0.08001723706209193,,,0.7103292506848058,beto_full,ig
video_76,INEQUALITY\/DISCRIMINATION,73,0.0136986301369863,0.0,0.16783173835313633,0.19024747953151458,0.9476550929449863,beto_full,ig
video_76,STEREOTYPE,22,0.0,0.0196078431372549,,,0.9476550929449863,beto_full,ig
video_76,IMPLICIT SEXISM,22,0.0,0.0196078431372549,,,0.9476550929449863,beto_full,ig
video_37,CRITIQUE,21,0.09189185220263899,0.0,0.15782772660205294,0.4048316104862683,0.7306101672687595,beto_full,ig
video_37,IRONY,21,0.09189185220263899,0.0,0.15782772660205294,0.4048316104862683,0.7306101672687595,beto_full,ig
video_37,JOKE,21,0.09189185220263899,0.0,0.15782772660205294,0.4048316104862683,0.7306101672687595,beto_full,ig
video_390,CRITIQUE,40,0.025,0.0,-0.14566799115586984,-0.13190628263758855,0.9152186444228599,beto_full,ig
video_099,CRITIQUE,67,0.014925373134328358,0.0,,,0.9438843463479044,beto_full,ig
video_399,CRITIQUE,69,0.014492753623188406,0.0,0.1400913499539969,0.1493848508240327,0.9452056244772565,beto_full,ig
video_399,STEREOTYPE,69,0.014492753623188406,0.0,0.1400913499539969,0.1493848508240327,0.9452056244772565,beto_full,ig
video_399,REPORTED SEXISM,69,0.014492753623188406,0.0,0.1400913499539969,0.1493848508240327,0.9452056244772565,beto_full,ig
video_133,CRITIQUE,81,0.033629519391273,0.0,0.03630719036494639,0.025984264366354703,0.8255618764804802,beto_full,ig
video_136,CRITIQUE,47,0.0,0.0,,,0.0,beto_full,ig
video_166,JOKE,30,0.03333333333333333,0.0,0.1394831586522837,0.10734253018329497,0.8937772036120079,beto_full,ig
video_166,CRITIQUE,30,0.03333333333333333,0.0,0.1394831586522837,0.10734253018329497,0.8937772036120079,beto_full,ig
video_214,CRITIQUE,35,0.0,0.0,,,0.0,beto_full,ig
video_215,CRITIQUE,58,0.017241379310344827,0.0,-0.21767215635778503,-0.22167760948182821,0.9386538169042495,beto_full,ig
video_217,CRITIQUE,85,0.0182879127920556,0.0,-0.0925243588089653,0.020402063899368265,0.8946749749288281,beto_full,ig
video_217,REPORTED SEXISM,14,0.0,0.021893980103165157,,,0.8946749749288281,beto_full,ig
video_352,CRITIQUE,67,0.02078940478832221,0.0,0.22290651318389562,0.2769958508056286,0.9108956861682316,beto_full,ig
video_359,CRITIQUE,62,0.03069373893836523,0.0,0.010039988590563449,0.015071000950658676,0.8964823063326226,beto_full,ig
video_362,CRITIQUE,95,0.12048786043898799,0.0,0.19986263842474866,0.19305681278604403,0.4416849106968017,beto_full,ig
video_364,CRITIQUE,78,0.033842347098114255,0.0,-0.17264960763142903,-0.08813317065383748,0.8330824972157072,beto_full,ig
video_45,CRITIQUE,61,0.09151241631593518,0.0,0.4964483603510846,0.48786163372127356,0.5725208301579169,beto_full,ig
video_55,CRITIQUE,98,0.02948312909966681,0.0,0.17192504557538385,0.3009530026547296,0.7942079443075757,beto_full,ig
video_55,REPORTED SEXISM,49,0.0,0.05896625819933362,,,0.7942079443075757,beto_full,ig
video_60,CRITIQUE,25,0.14132792577100523,0.0,-0.006080087260053189,0.2555111745128096,0.44647004751962804,beto_full,ig
video_78,CRITIQUE,73,0.0136986301369863,0.0,0.11751396156685154,0.13154841833692077,0.9476550929449863,beto_full,ig
video_124,CRITIQUE,83,0.016471547108194012,0.0,-0.21926542409623126,-0.15903258271551673,0.8562265735945904,beto_full,ig
video_124,REPORTED SEXISM,83,0.016471547108194012,0.0,-0.21926542409623126,-0.15903258271551673,0.8562265735945904,beto_full,ig
video_04,JOKE,49,0.08163265306122448,0.0,,,0.7077200773255246,beto_full,lrp
video_04,IDEOLOGICAL AND INEQUALITY,29,0.13793103448275862,0.0,,,0.7077200773255246,beto_full,lrp
video_04,INEQUALITY\/DISCRIMINATION,24,0.0,0.10810810810810811,,,0.7077200773255246,beto_full,lrp
video_04,IRONY,12,0.0,0.08163265306122448,,,0.7077200773255246,beto_full,lrp
video_05,IRONY,86,0.005087209302325582,0.0,,,0.9542016542350434,beto_full,lrp
video_05,JOKE,53,0.008254716981132075,0.0,,,0.9542016542350434,beto_full,lrp
video_05,INEQUALITY\/DISCRIMINATION,86,0.005087209302325582,0.0,,,0.9542016542350434,beto_full,lrp
video_05,IDEOLOGICAL AND INEQUALITY,45,0.0,0.010670731707317074,,,0.9542016542350434,beto_full,lrp
video_05,IMPLICIT SEXISM,7,0.0,0.005537974683544304,,,0.9542016542350434,beto_full,lrp
video_30,INEQUALITY\/DISCRIMINATION,59,0.04766949152542373,0.0,-0.0762599010169279,0.056931786592333944,0.8087405999033429,beto_full,lrp
video_30,IRONY,59,0.04766949152542373,0.0,-0.0762599010169279,0.056931786592333944,0.8087405999033429,beto_full,lrp
video_30,JOKE,59,0.04766949152542373,0.0,-0.0762599010169279,0.056931786592333944,0.8087405999033429,beto_full,lrp
video_30,IDEOLOGICAL AND INEQUALITY,12,0.0,0.0598404255319149,,,0.8087405999033429,beto_full,lrp
video_106,IMPLICIT SEXISM,63,0.03736772486772487,0.0,0.14929251596765158,0.17036230188247453,0.8625716226695916,beto_full,lrp
video_106,STEREOTYPE,63,0.03736772486772487,0.0,0.14929251596765158,0.17036230188247453,0.8625716226695916,beto_full,lrp
video_107,IMPLICIT SEXISM,28,0.0,0.21022727272727273,,,0.6699522068737459,beto_full,lrp
video_107,INEQUALITY\/DISCRIMINATION,28,0.0,0.21022727272727273,,,0.6699522068737459,beto_full,lrp
video_327,STEREOTYPE,54,0.02421652421652422,0.0,0.1472697182383717,0.26872338504600723,0.8889504841409938,beto_full,lrp
video_327,IMPLICIT SEXISM,54,0.02421652421652422,0.0,0.1472697182383717,0.26872338504600723,0.8889504841409938,beto_full,lrp
video_373,STEREOTYPE,31,0.06048387096774194,0.0,-0.17310520747682748,-0.1483768518529332,0.8582706015559881,beto_full,lrp
video_373,INEQUALITY\/DISCRIMINATION,59,0.03177966101694915,0.0,-0.12742926600401283,-0.10497239240156522,0.8582706015559881,beto_full,lrp
video_375,STEREOTYPE,74,0.0415057915057915,0.0,0.1690544985988214,0.3002100183008056,0.8209435950049111,beto_full,lrp
video_375,IMPLICIT SEXISM,74,0.0415057915057915,0.0,0.1690544985988214,0.3002100183008056,0.8209435950049111,beto_full,lrp
video_375,IRONY,70,0.04387755102040816,0.0,0.2030900506956501,0.331185096735975,0.8209435950049111,beto_full,lrp
video_375,INEQUALITY\/DISCRIMINATION,74,0.0415057915057915,0.0,0.1690544985988214,0.3002100183008056,0.8209435950049111,beto_full,lrp
video_383,STEREOTYPE,74,0.09009009009009009,0.0,0.0035608468895881556,-0.10712313334945255,0.6040598237467744,beto_full,lrp
video_383,IMPLICIT SEXISM,37,0.0,0.18018018018018017,,,0.6040598237467744,beto_full,lrp
video_143,OBJECTIFICATION,44,0.022727272727272728,0.0,0.13816968865032075,0.19841849104930276,0.9730188943255537,beto_full,lrp
video_143,STEREOTYPE,45,0.022222222222222223,0.0,0.10452749388792273,0.16266269795836466,0.9730188943255537,beto_full,lrp
video_144,INEQUALITY\/DISCRIMINATION,85,0.011764705882352941,0.0,0.10692336725967674,0.12253378472602318,0.953761531974144,beto_full,lrp
video_144,STEREOTYPE,85,0.011764705882352941,0.0,0.10692336725967674,0.12253378472602318,0.953761531974144,beto_full,lrp
video_144,IMPLICIT SEXISM,64,0.0,0.047619047619047616,,,0.953761531974144,beto_full,lrp
video_148,STEREOTYPE,50,0.047272727272727265,0.0,0.11558227291379686,0.10607368666439987,0.8459304844332866,beto_full,lrp
video_148,INEQUALITY\/DISCRIMINATION,23,0.0,0.050290135396518366,,,0.8459304844332866,beto_full,lrp
video_148,IRONY,5,0.0,0.03636363636363636,,,0.8459304844332866,beto_full,lrp
video_148,OBJECTIFICATION,15,0.0,0.04297520661157024,,,0.8459304844332866,beto_full,lrp
video_148,IMPLICIT SEXISM,15,0.0,0.04297520661157024,,,0.8459304844332866,beto_full,lrp
video_150,STEREOTYPE,34,0.0,0.14285714285714285,,,0.6623759832528353,beto_full,lrp
video_150,INEQUALITY\/DISCRIMINATION,13,0.0,0.05952380952380951,,,0.6623759832528353,beto_full,lrp
video_151,INEQUALITY\/DISCRIMINATION,44,0.0,0.0,,,0.0,beto_full,lrp
video_201,STEREOTYPE,106,0.01692563817980022,0.0,0.08284656224085023,0.09720567400449928,0.8472146882316223,beto_full,lrp
video_201,IMPLICIT SEXISM,27,0.0,0.022710349962769917,,,0.8472146882316223,beto_full,lrp
video_201,OBJECTIFICATION,43,0.0,0.02847805788982259,,,0.8472146882316223,beto_full,lrp
video_356,INEQUALITY\/DISCRIMINATION,40,0.006875000000000001,0.0,0.2161213026958716,0.2579512322499113,0.9558748119571966,beto_full,lrp
video_356,IMPLICIT SEXISM,5,0.05500000000000001,0.0,0.35355339059327373,0.7071067811865475,0.9558748119571966,beto_full,lrp
video_357,INEQUALITY\/DISCRIMINATION,95,0.02383040935672514,0.0,0.23329647283108892,0.243371682692637,0.8408276062152804,beto_full,lrp
video_59,STEREOTYPE,56,0.0015527950310559,0.0,0.21283645198172974,0.22969851718749998,0.9351530779109262,beto_full,lrp
video_59,INEQUALITY\/DISCRIMINATION,56,0.0015527950310559,0.0,0.21283645198172974,0.22969851718749998,0.9351530779109262,beto_full,lrp
video_59,IRONY,56,0.0015527950310559,0.0,0.21283645198172974,0.22969851718749998,0.9351530779109262,beto_full,lrp
video_59,IMPLICIT SEXISM,56,0.0015527950310559,0.0,0.21283645198172974,0.22969851718749998,0.9351530779109262,beto_full,lrp
video_59,JOKE,56,0.0015527950310559,0.0,0.21283645198172974,0.22969851718749998,0.9351530779109262,beto_full,lrp
video_62,STEREOTYPE,64,0.03320312499999999,0.0,0.06786520461282075,0.17892915775269,0.7646215299867682,beto_full,lrp
video_62,IRONY,8,0.0,0.03794642857142856,,,0.7646215299867682,beto_full,lrp
video_76,INEQUALITY\/DISCRIMINATION,73,0.0136986301369863,0.0,0.16783173835313633,0.19024747953151458,0.9476550929449863,beto_full,lrp
video_76,STEREOTYPE,22,0.0,0.0196078431372549,,,0.9476550929449863,beto_full,lrp
video_76,IMPLICIT SEXISM,22,0.0,0.0196078431372549,,,0.9476550929449863,beto_full,lrp
video_37,CRITIQUE,21,0.07857142857142857,0.0,0.1727573764157606,0.4186993599890917,0.704516678560424,beto_full,lrp
video_37,IRONY,21,0.07857142857142857,0.0,0.1727573764157606,0.4186993599890917,0.704516678560424,beto_full,lrp
video_37,JOKE,21,0.07857142857142857,0.0,0.1727573764157606,0.4186993599890917,0.704516678560424,beto_full,lrp
video_390,CRITIQUE,40,0.025,0.0,-0.14566799115586984,-0.13190628263758855,0.9152186444228599,beto_full,lrp
video_099,CRITIQUE,67,0.014925373134328358,0.0,,,0.9438843463479044,beto_full,lrp
video_399,CRITIQUE,69,0.0,0.0,,,0.0,beto_full,lrp
video_399,STEREOTYPE,69,0.0,0.0,,,0.0,beto_full,lrp
video_399,REPORTED SEXISM,69,0.0,0.0,,,0.0,beto_full,lrp
video_133,CRITIQUE,81,0.03343621399176954,0.0,-0.027419965046174097,-0.056771320638105825,0.8093921440478784,beto_full,lrp
video_136,CRITIQUE,47,0.0,0.0,,,0.0,beto_full,lrp
video_166,JOKE,30,0.03333333333333333,0.0,0.1394831586522837,0.10734253018329497,0.8937772036120079,beto_full,lrp
video_166,CRITIQUE,30,0.03333333333333333,0.0,0.1394831586522837,0.10734253018329497,0.8937772036120079,beto_full,lrp
video_214,CRITIQUE,35,0.0,0.0,,,0.0,beto_full,lrp
video_215,CRITIQUE,58,0.017241379310344827,0.0,-0.21767215635778503,-0.22167760948182821,0.9386538169042495,beto_full,lrp
video_217,CRITIQUE,85,0.023856209150326796,0.0,-0.08744866695097184,0.027962918787806313,0.8927075932170788,beto_full,lrp
video_217,REPORTED SEXISM,14,0.0,0.028560250391236306,,,0.8927075932170788,beto_full,lrp
video_352,CRITIQUE,67,0.02345415778251599,0.0,0.22168770478860092,0.27686033424456913,0.9096178907207487,beto_full,lrp
video_359,CRITIQUE,62,0.018610421836228287,0.0,0.00016458997689448277,0.005353087769359639,0.9050183614705943,beto_full,lrp
video_362,CRITIQUE,95,0.1277138157894737,0.0,0.16552668832989506,0.15214155679643382,0.4655544395304468,beto_full,lrp
video_364,CRITIQUE,78,0.019917582417582416,0.0,-0.1708024504833447,-0.08521228775763319,0.8486114570981366,beto_full,lrp
video_45,CRITIQUE,61,0.055477808876449416,0.0,0.5038357287090445,0.5036978927954184,0.6015957395607429,beto_full,lrp
video_55,CRITIQUE,98,0.02514577259475218,0.0,0.1686962691401773,0.30321431891831263,0.7913646649879772,beto_full,lrp
video_55,REPORTED SEXISM,49,0.0,0.05029154518950436,,,0.7913646649879772,beto_full,lrp
video_60,CRITIQUE,25,0.13899999999999998,0.0,0.013897342308693005,0.2911436852441877,0.4536774146305092,beto_full,lrp
video_78,CRITIQUE,73,0.0136986301369863,0.0,0.11751396156685154,0.13154841833692077,0.9476550929449863,beto_full,lrp
video_124,CRITIQUE,83,0.02398881239242685,0.0,-0.2194691077228882,-0.15989889815448613,0.8452562814727946,beto_full,lrp
video_124,REPORTED SEXISM,83,0.02398881239242685,0.0,-0.2194691077228882,-0.15989889815448613,0.8452562814727946,beto_full,lrp
video_04,JOKE,49,0.07807638563561516,0.0,,,0.6934790366863979,beto_filtered,saliency
video_04,IDEOLOGICAL AND INEQUALITY,29,0.13192216883259114,0.0,,,0.6934790366863979,beto_filtered,saliency
video_04,INEQUALITY\/DISCRIMINATION,24,0.0,0.10339845665257143,,,0.6934790366863979,beto_filtered,saliency
video_04,IRONY,12,0.0,0.07807638563561516,,,0.6934790366863979,beto_filtered,saliency
video_05,IRONY,86,0.009014727416715532,0.0,,,0.9542016542350434,beto_filtered,saliency
video_05,JOKE,53,0.014627670902595013,0.0,,,0.9542016542350434,beto_filtered,saliency
video_05,INEQUALITY\/DISCRIMINATION,86,0.009014727416715532,0.0,,,0.9542016542350434,beto_filtered,saliency
video_05,IDEOLOGICAL AND INEQUALITY,45,0.0,0.018908940435061847,,,0.9542016542350434,beto_filtered,saliency
video_05,IMPLICIT SEXISM,7,0.0,0.009813500732120705,,,0.9542016542350434,beto_filtered,saliency
video_30,INEQUALITY\/DISCRIMINATION,59,0.06764969712955393,0.0,-0.08037022567842442,0.07487248261211579,0.7581653625082421,beto_filtered,saliency
video_30,IRONY,59,0.06764969712955393,0.0,-0.08037022567842442,0.07487248261211579,0.7581653625082421,beto_filtered,saliency
video_30,JOKE,59,0.06764969712955393,0.0,-0.08037022567842442,0.07487248261211579,0.7581653625082421,beto_filtered,saliency
video_30,IDEOLOGICAL AND INEQUALITY,12,0.0,0.08492196022646131,,,0.7581653625082421,beto_filtered,saliency
video_106,IMPLICIT SEXISM,63,0.044307978827204615,0.0,0.20099614233555185,0.1825908947691266,0.8302301680340024,beto_filtered,saliency
video_106,STEREOTYPE,63,0.044307978827204615,0.0,0.20099614233555185,0.1825908947691266,0.8302301680340024,beto_filtered,saliency
video_107,IMPLICIT SEXISM,28,0.0,0.17087592958373965,,,0.6594051662741103,beto_filtered,saliency
video_107,INEQUALITY\/DISCRIMINATION,28,0.0,0.17087592958373965,,,0.6594051662741103,beto_filtered,saliency
video_327,STEREOTYPE,54,0.03257629410440178,0.0,0.1421432407047575,0.26627567691936826,0.8849849372672094,beto_filtered,saliency
video_327,IMPLICIT SEXISM,54,0.03257629410440178,0.0,0.1421432407047575,0.26627567691936826,0.8849849372672094,beto_filtered,saliency
video_373,STEREOTYPE,31,0.09028551943660948,0.0,-0.19434993748534724,-0.16968629334245025,0.8531858524798116,beto_filtered,saliency
video_373,INEQUALITY\/DISCRIMINATION,59,0.047438154280252436,0.0,-0.13588355988847692,-0.11299379490690158,0.8531858524798116,beto_filtered,saliency
video_375,STEREOTYPE,74,0.04603449425724453,0.0,0.17963892104862572,0.30859626582481664,0.8216504396427502,beto_filtered,saliency
video_375,IMPLICIT SEXISM,74,0.04603449425724453,0.0,0.17963892104862572,0.30859626582481664,0.8216504396427502,beto_filtered,saliency
video_375,IRONY,70,0.04866503678622994,0.0,0.2149232909035469,0.3399578430381823,0.8216504396427502,beto_filtered,saliency
video_375,INEQUALITY\/DISCRIMINATION,74,0.04603449425724453,0.0,0.17963892104862572,0.30859626582481664,0.8216504396427502,beto_filtered,saliency
video_383,STEREOTYPE,74,0.10203140968645735,0.0,-0.029931885902874857,-0.1356806968878268,0.6029791236387998,beto_filtered,saliency
video_383,IMPLICIT SEXISM,37,0.0,0.2040628193729147,,,0.6029791236387998,beto_filtered,saliency
video_143,OBJECTIFICATION,44,0.022727272727272728,0.0,0.13816968865032075,0.19841849104930276,0.9730188943255537,beto_filtered,saliency
video_143,STEREOTYPE,45,0.022222222222222223,0.0,0.10452749388792273,0.16266269795836466,0.9730188943255537,beto_filtered,saliency
video_144,INEQUALITY\/DISCRIMINATION,85,0.011764705882352941,0.0,0.10692336725967674,0.12253378472602318,0.953761531974144,beto_filtered,saliency
video_144,STEREOTYPE,85,0.011764705882352941,0.0,0.10692336725967674,0.12253378472602318,0.953761531974144,beto_filtered,saliency
video_144,IMPLICIT SEXISM,64,0.0,0.047619047619047616,,,0.953761531974144,beto_filtered,saliency
video_148,STEREOTYPE,50,0.06655027362595493,0.0,0.1074139144039879,0.09605419626140113,0.8417064830326845,beto_filtered,saliency
video_148,INEQUALITY\/DISCRIMINATION,23,0.0,0.07079816343186696,,,0.8417064830326845,beto_filtered,saliency
video_148,IRONY,5,0.0,0.05119251817381149,,,0.8417064830326845,beto_filtered,saliency
video_148,OBJECTIFICATION,15,0.0,0.060500248750868124,,,0.8417064830326845,beto_filtered,saliency
video_148,IMPLICIT SEXISM,15,0.0,0.060500248750868124,,,0.8417064830326845,beto_filtered,saliency
video_150,STEREOTYPE,34,0.0,0.4584514159750287,,,0.5377914989022986,beto_filtered,saliency
video_150,INEQUALITY\/DISCRIMINATION,13,0.0,0.19102142332292862,,,0.5377914989022986,beto_filtered,saliency
video_151,INEQUALITY\/DISCRIMINATION,44,0.0,0.0,,,0.0,beto_filtered,saliency
video_201,STEREOTYPE,106,0.04289805135355568,0.0,0.07481493988715589,0.08867852903513798,0.8415180314895223,beto_filtered,saliency
video_201,IMPLICIT SEXISM,27,0.0,0.0575594106769228,,,0.8415180314895223,beto_filtered,saliency
video_201,OBJECTIFICATION,43,0.0,0.07217767370598256,,,0.8415180314895223,beto_filtered,saliency
video_356,INEQUALITY\/DISCRIMINATION,40,0.0488846952448953,0.0,0.1308805329848405,0.3298850026968062,0.8955293409898333,beto_filtered,saliency
video_356,IMPLICIT SEXISM,5,0.3910775619591624,0.0,-0.15389675281277312,0.6668859288553503,0.8955293409898333,beto_filtered,saliency
video_357,INEQUALITY\/DISCRIMINATION,95,0.028220021072601974,0.0,0.23179641956425193,0.24137099061885722,0.8373336022011049,beto_filtered,saliency
video_59,STEREOTYPE,56,0.015888475558184352,0.0,0.21283645198172974,0.22969851718749998,0.9351530779109262,beto_filtered,saliency
video_59,INEQUALITY\/DISCRIMINATION,56,0.015888475558184352,0.0,0.21283645198172974,0.22969851718749998,0.9351530779109262,beto_filtered,saliency
video_59,IRONY,56,0.015888475558184352,0.0,0.21283645198172974,0.22969851718749998,0.9351530779109262,beto_filtered,saliency
video_59,IMPLICIT SEXISM,56,0.015888475558184352,0.0,0.21283645198172974,0.22969851718749998,0.9351530779109262,beto_filtered,saliency
video_59,JOKE,56,0.015888475558184352,0.0,0.21283645198172974,0.22969851718749998,0.9351530779109262,beto_filtered,saliency
video_62,STEREOTYPE,64,0.06080861196987593,0.0,0.05196979987143426,0.18559269311165771,0.7077385259926913,beto_filtered,saliency
video_62,IRONY,8,0.0,0.06949555653700105,,,0.7077385259926913,beto_filtered,saliency
video_76,INEQUALITY\/DISCRIMINATION,73,0.0136986301369863,0.0,0.16783173835313633,0.19024747953151458,0.9476550929449863,beto_filtered,saliency
video_76,STEREOTYPE,22,0.0,0.0196078431372549,,,0.9476550929449863,beto_filtered,saliency
video_76,IMPLICIT SEXISM,22,0.0,0.0196078431372549,,,0.9476550929449863,beto_filtered,saliency
video_37,CRITIQUE,21,0.08735209671365693,0.0,0.1727573764157606,0.4186993599890917,0.6984404534334666,beto_filtered,saliency
video_37,IRONY,21,0.08735209671365693,0.0,0.1727573764157606,0.4186993599890917,0.6984404534334666,beto_filtered,saliency
video_37,JOKE,21,0.08735209671365693,0.0,0.1727573764157606,0.4186993599890917,0.6984404534334666,beto_filtered,saliency
video_390,CRITIQUE,40,0.025,0.0,-0.14566799115586984,-0.13190628263758855,0.9152186444228599,beto_filtered,saliency
video_099,CRITIQUE,67,0.014925373134328358,0.0,,,0.9438843463479044,beto_filtered,saliency
video_399,CRITIQUE,69,0.014492753623188406,0.0,0.1400913499539969,0.1493848508240327,0.9452056244772565,beto_filtered,saliency
video_399,STEREOTYPE,69,0.014492753623188406,0.0,0.1400913499539969,0.1493848508240327,0.9452056244772565,beto_filtered,saliency
video_399,REPORTED SEXISM,69,0.014492753623188406,0.0,0.1400913499539969,0.1493848508240327,0.9452056244772565,beto_filtered,saliency
video_133,CRITIQUE,81,0.034247685392948146,0.0,0.034474375466715924,0.023167482766976756,0.7849808630988647,beto_filtered,saliency
video_136,CRITIQUE,47,0.0,0.0,,,0.0,beto_filtered,saliency
video_166,JOKE,30,0.03333333333333333,0.0,0.1394831586522837,0.10734253018329497,0.8937772036120079,beto_filtered,saliency
video_166,CRITIQUE,30,0.03333333333333333,0.0,0.1394831586522837,0.10734253018329497,0.8937772036120079,beto_filtered,saliency
video_214,CRITIQUE,35,0.0,0.0,,,0.0,beto_filtered,saliency
video_215,CRITIQUE,58,0.017241379310344827,0.0,-0.21767215635778503,-0.22167760948182821,0.9386538169042495,beto_filtered,saliency
video_217,CRITIQUE,85,0.027091484357603935,0.0,-0.08744866695097184,0.027962918787806313,0.8898416523645358,beto_filtered,saliency
video_217,REPORTED SEXISM,14,0.0,0.032433467188680766,,,0.8898416523645358,beto_filtered,saliency
video_352,CRITIQUE,67,0.023805506533789333,0.0,0.22168770478860092,0.27686033424456913,0.9095158391248273,beto_filtered,saliency
video_359,CRITIQUE,62,0.02705276020714051,0.0,0.00016458997689448277,0.005353087769359639,0.8968779484959906,beto_filtered,saliency
video_362,CRITIQUE,95,0.1656068966297409,0.0,0.24847902665686541,0.22913234173083927,0.3915391258236329,beto_filtered,saliency
video_364,CRITIQUE,78,0.032878587035613714,0.0,-0.174437179065059,-0.08893790369666925,0.8298809037208894,beto_filtered,saliency
video_45,CRITIQUE,61,0.05907694340527753,0.0,0.5360651871122684,0.5286744073894775,0.5601197315856146,beto_filtered,saliency
video_55,CRITIQUE,98,0.03212464952529443,0.0,0.1742671058689998,0.3064533494477593,0.7858143371148117,beto_filtered,saliency
video_55,REPORTED SEXISM,49,0.0,0.06424929905058886,,,0.7858143371148117,beto_filtered,saliency
video_60,CRITIQUE,25,0.11994947581556005,0.0,0.07035529543775834,0.3589323641965658,0.44153952763186444,beto_filtered,saliency
video_78,CRITIQUE,73,0.0136986301369863,0.0,0.11751396156685154,0.13154841833692077,0.9476550929449863,beto_filtered,saliency
video_124,CRITIQUE,83,0.03018786137785992,0.0,-0.2244084356693198,-0.16639626394675672,0.8376895880902189,beto_filtered,saliency
video_124,REPORTED SEXISM,83,0.03018786137785992,0.0,-0.2244084356693198,-0.16639626394675672,0.8376895880902189,beto_filtered,saliency
video_04,JOKE,49,0.059149901985262876,0.0,,,0.7402448074748036,beto_filtered,input_x_gradient
video_04,IDEOLOGICAL AND INEQUALITY,29,0.09994293783716832,0.0,,,0.7402448074748036,beto_filtered,input_x_gradient
video_04,INEQUALITY\/DISCRIMINATION,24,0.0,0.07833365398048327,,,0.7402448074748036,beto_filtered,input_x_gradient
video_04,IRONY,12,0.0,0.059149901985262876,,,0.7402448074748036,beto_filtered,input_x_gradient
video_05,IRONY,86,0.011627906976744186,0.0,,,0.9542016542350434,beto_filtered,input_x_gradient
video_05,JOKE,53,0.018867924528301886,0.0,,,0.9542016542350434,beto_filtered,input_x_gradient
video_05,INEQUALITY\/DISCRIMINATION,86,0.011627906976744186,0.0,,,0.9542016542350434,beto_filtered,input_x_gradient
video_05,IDEOLOGICAL AND INEQUALITY,45,0.0,0.024390243902439025,,,0.9542016542350434,beto_filtered,input_x_gradient
video_05,IMPLICIT SEXISM,7,0.0,0.012658227848101266,,,0.9542016542350434,beto_filtered,input_x_gradient
video_30,INEQUALITY\/DISCRIMINATION,59,0.036859679851234846,0.0,-0.0799243437051738,0.07610081566018928,0.7796758912036321,beto_filtered,input_x_gradient
video_30,IRONY,59,0.036859679851234846,0.0,-0.0799243437051738,0.07610081566018928,0.7796758912036321,beto_filtered,input_x_gradient
video_30,JOKE,59,0.036859679851234846,0.0,-0.0799243437051738,0.07610081566018928,0.7796758912036321,beto_filtered,input_x_gradient
video_30,IDEOLOGICAL AND INEQUALITY,12,0.0,0.046270661940911825,,,0.7796758912036321,beto_filtered,input_x_gradient
video_106,IMPLICIT SEXISM,63,0.03426077508095014,0.0,0.1919012942660699,0.17434044922798497,0.8419276859325537,beto_filtered,input_x_gradient
video_106,STEREOTYPE,63,0.03426077508095014,0.0,0.1919012942660699,0.17434044922798497,0.8419276859325537,beto_filtered,input_x_gradient
video_107,IMPLICIT SEXISM,28,0.0,0.06537531318947933,,,0.7413122210217413,beto_filtered,input_x_gradient
video_107,INEQUALITY\/DISCRIMINATION,28,0.0,0.06537531318947933,,,0.7413122210217413,beto_filtered,input_x_gradient
video_327,STEREOTYPE,54,0.03065560765865125,0.0,0.1421432407047575,0.26627567691936826,0.8853113786462268,beto_filtered,input_x_gradient
video_327,IMPLICIT SEXISM,54,0.03065560765865125,0.0,0.1421432407047575,0.26627567691936826,0.8853113786462268,beto_filtered,input_x_gradient
video_373,STEREOTYPE,31,0.08173364819815174,0.0,-0.19592362118968207,-0.17284324763719347,0.8534927975621218,beto_filtered,input_x_gradient
video_373,INEQUALITY\/DISCRIMINATION,59,0.042944798205808536,0.0,-0.13619098875700286,-0.11453637231177395,0.8534927975621218,beto_filtered,input_x_gradient
video_375,STEREOTYPE,74,0.02088715127583445,0.0,0.17487125300183753,0.30587075232669503,0.8549883691181382,beto_filtered,input_x_gradient
video_375,IMPLICIT SEXISM,74,0.02088715127583445,0.0,0.17487125300183753,0.30587075232669503,0.8549883691181382,beto_filtered,input_x_gradient
video_375,IRONY,70,0.022080702777310703,0.0,0.20966882621077634,0.3373295052256323,0.8549883691181382,beto_filtered,input_x_gradient
video_375,INEQUALITY\/DISCRIMINATION,74,0.02088715127583445,0.0,0.17487125300183753,0.30587075232669503,0.8549883691181382,beto_filtered,input_x_gradient
video_383,STEREOTYPE,74,0.04138157256118394,0.0,-0.025857280602930393,-0.13150242300004936,0.6834995087003903,beto_filtered,input_x_gradient
video_383,IMPLICIT SEXISM,37,0.0,0.08276314512236788,,,0.6834995087003903,beto_filtered,input_x_gradient
video_143,OBJECTIFICATION,44,0.022727272727272728,0.0,0.13816968865032075,0.19841849104930276,0.9730188943255537,beto_filtered,input_x_gradient
video_143,STEREOTYPE,45,0.022222222222222223,0.0,0.10452749388792273,0.16266269795836466,0.9730188943255537,beto_filtered,input_x_gradient
video_144,INEQUALITY\/DISCRIMINATION,85,0.011764705882352941,0.0,0.10692336725967674,0.12253378472602318,0.953761531974144,beto_filtered,input_x_gradient
video_144,STEREOTYPE,85,0.011764705882352941,0.0,0.10692336725967674,0.12253378472602318,0.953761531974144,beto_filtered,input_x_gradient
video_144,IMPLICIT SEXISM,64,0.0,0.047619047619047616,,,0.953761531974144,beto_filtered,input_x_gradient
video_148,STEREOTYPE,50,0.029680844489291945,0.0,0.10904758610594967,0.09329372441567699,0.8653752549140566,beto_filtered,input_x_gradient
video_148,INEQUALITY\/DISCRIMINATION,23,0.0,0.03157536647797015,,,0.8653752549140566,beto_filtered,input_x_gradient
video_148,IRONY,5,0.0,0.02283141883791688,,,0.8653752549140566,beto_filtered,input_x_gradient
video_148,OBJECTIFICATION,15,0.0,0.02698258589935631,,,0.8653752549140566,beto_filtered,input_x_gradient
video_148,IMPLICIT SEXISM,15,0.0,0.02698258589935631,,,0.8653752549140566,beto_filtered,input_x_gradient
video_150,STEREOTYPE,34,0.0,0.25547754612880913,,,0.5638815484193977,beto_filtered,input_x_gradient
video_150,INEQUALITY\/DISCRIMINATION,13,0.0,0.10644897755367048,,,0.5638815484193977,beto_filtered,input_x_gradient
video_151,INEQUALITY\/DISCRIMINATION,44,0.0,0.0,,,0.0,beto_filtered,input_x_gradient
video_201,STEREOTYPE,106,0.01706947140920829,0.0,0.0744120998944941,0.08835104636275483,0.8592749663835195,beto_filtered,input_x_gradient
video_201,IMPLICIT SEXISM,27,0.0,0.022903341384507326,,,0.8592749663835195,beto_filtered,input_x_gradient
video_201,OBJECTIFICATION,43,0.0,0.028720063005969503,,,0.8592749663835195,beto_filtered,input_x_gradient
video_356,INEQUALITY\/DISCRIMINATION,40,0.045486933571678614,0.0,0.14367957564266404,0.3352523431662161,0.8992784742736817,beto_filtered,input_x_gradient
video_356,IMPLICIT SEXISM,5,0.3638954685734289,0.0,0.15389675281277312,0.8720815992723809,0.8992784742736817,beto_filtered,input_x_gradient
video_357,INEQUALITY\/DISCRIMINATION,95,0.01314502500941624,0.0,0.23179641956425193,0.24137099061885722,0.8604838047425402,beto_filtered,input_x_gradient
video_59,STEREOTYPE,56,0.017857142857142856,0.0,0.21283645198172974,0.22969851718749998,0.9351530779109262,beto_filtered,input_x_gradient
video_59,INEQUALITY\/DISCRIMINATION,56,0.017857142857142856,0.0,0.21283645198172974,0.22969851718749998,0.9351530779109262,beto_filtered,input_x_gradient
video_59,IRONY,56,0.017857142857142856,0.0,0.21283645198172974,0.22969851718749998,0.9351530779109262,beto_filtered,input_x_gradient
video_59,IMPLICIT SEXISM,56,0.017857142857142856,0.0,0.21283645198172974,0.22969851718749998,0.9351530779109262,beto_filtered,input_x_gradient
video_59,JOKE,56,0.017857142857142856,0.0,0.21283645198172974,0.22969851718749998,0.9351530779109262,beto_filtered,input_x_gradient
video_62,STEREOTYPE,64,0.04666677607339595,0.0,0.024924291775075616,0.15978329470262384,0.7249312886559438,beto_filtered,input_x_gradient
video_62,IRONY,8,0.0,0.05333345836959537,,,0.7249312886559438,beto_filtered,input_x_gradient
video_76,INEQUALITY\/DISCRIMINATION,73,0.0136986301369863,0.0,0.16783173835313633,0.19024747953151458,0.9476550929449863,beto_filtered,input_x_gradient
video_76,STEREOTYPE,22,0.0,0.0196078431372549,,,0.9476550929449863,beto_filtered,input_x_gradient
video_76,IMPLICIT SEXISM,22,0.0,0.0196078431372549,,,0.9476550929449863,beto_filtered,input_x_gradient
video_37,CRITIQUE,21,0.10378661812653409,0.0,0.19408544757820023,0.4283001096448926,0.6955662596279304,beto_filtered,input_x_gradient
video_37,IRONY,21,0.10378661812653409,0.0,0.19408544757820023,0.4283001096448926,0.6955662596279304,beto_filtered,input_x_gradient
video_37,JOKE,21,0.10378661812653409,0.0,0.19408544757820023,0.4283001096448926,0.6955662596279304,beto_filtered,input_x_gradient
video_390,CRITIQUE,40,0.025,0.0,-0.14566799115586984,-0.13190628263758855,0.9152186444228599,beto_filtered,input_x_gradient
video_099,CRITIQUE,67,0.014925373134328358,0.0,,,0.9438843463479044,beto_filtered,input_x_gradient
video_399,CRITIQUE,69,0.014492753623188406,0.0,0.1400913499539969,0.1493848508240327,0.9452056244772565,beto_filtered,input_x_gradient
video_399,STEREOTYPE,69,0.014492753623188406,0.0,0.1400913499539969,0.1493848508240327,0.9452056244772565,beto_filtered,input_x_gradient
video_399,REPORTED SEXISM,69,0.014492753623188406,0.0,0.1400913499539969,0.1493848508240327,0.9452056244772565,beto_filtered,input_x_gradient
video_133,CRITIQUE,81,0.021488087423355236,0.0,0.021993778778765603,0.008341167216762603,0.814101905146875,beto_filtered,input_x_gradient
video_136,CRITIQUE,47,0.0,0.0,,,0.0,beto_filtered,input_x_gradient
video_166,JOKE,30,0.03333333333333333,0.0,0.1394831586522837,0.10734253018329497,0.8937772036120079,beto_filtered,input_x_gradient
video_166,CRITIQUE,30,0.03333333333333333,0.0,0.1394831586522837,0.10734253018329497,0.8937772036120079,beto_filtered,input_x_gradient
video_214,CRITIQUE,35,0.0,0.0,,,0.0,beto_filtered,input_x_gradient
video_215,CRITIQUE,58,0.017241379310344827,0.0,-0.21767215635778503,-0.22167760948182821,0.9386538169042495,beto_filtered,input_x_gradient
video_217,CRITIQUE,85,0.014713499333123912,0.0,-0.08744866695097184,0.027962918787806313,0.9023416152745141,beto_filtered,input_x_gradient
video_217,REPORTED SEXISM,14,0.0,0.01761475272275398,,,0.9023416152745141,beto_filtered,input_x_gradient
video_352,CRITIQUE,67,0.017141353935166553,0.0,0.22168770478860092,0.27686033424456913,0.9164450529140961,beto_filtered,input_x_gradient
video_359,CRITIQUE,62,0.024640386768678347,0.0,0.00016458997689448277,0.005353087769359639,0.8975834389530201,beto_filtered,input_x_gradient
video_362,CRITIQUE,95,0.10531017787936196,0.0,0.22430256327079523,0.20623229079060273,0.46537022405475814,beto_filtered,input_x_gradient
video_364,CRITIQUE,78,0.020718404986908006,0.0,-0.17378173620606133,-0.08866965934905867,0.8293633419944412,beto_filtered,input_x_gradient
video_45,CRITIQUE,61,0.07989622522883036,0.0,0.5224803630708489,0.5226813914037445,0.5959608654522888,beto_filtered,input_x_gradient
video_55,CRITIQUE,98,0.03359450794395803,0.0,0.17355430491007318,0.30632602660532804,0.7934325134131204,beto_filtered,input_x_gradient
video_55,REPORTED SEXISM,49,0.0,0.06718901588791606,,,0.7934325134131204,beto_filtered,input_x_gradient
video_60,CRITIQUE,25,0.19312123834889838,0.0,-0.013897342308693005,0.28114920052684994,0.4507586987663467,beto_filtered,input_x_gradient
video_78,CRITIQUE,73,0.0136986301369863,0.0,0.11751396156685154,0.13154841833692077,0.9476550929449863,beto_filtered,input_x_gradient
video_124,CRITIQUE,83,0.02038082239484828,0.0,-0.22043660494950884,-0.16183536795924128,0.8606814400235417,beto_filtered,input_x_gradient
video_124,REPORTED SEXISM,83,0.02038082239484828,0.0,-0.22043660494950884,-0.16183536795924128,0.8606814400235417,beto_filtered,input_x_gradient
video_04,JOKE,49,0.06548482988114743,0.0,,,0.7312117151342288,beto_filtered,ig
video_04,IDEOLOGICAL AND INEQUALITY,29,0.11064678152331807,0.0,,,0.7312117151342288,beto_filtered,ig
video_04,INEQUALITY\/DISCRIMINATION,24,0.0,0.08672315308584388,,,0.7312117151342288,beto_filtered,ig
video_04,IRONY,12,0.0,0.06548482988114743,,,0.7312117151342288,beto_filtered,ig
video_05,IRONY,86,0.00951012312174789,0.0,,,0.9542016542350434,beto_filtered,ig
video_05,JOKE,53,0.015431520537175822,0.0,,,0.9542016542350434,beto_filtered,ig
video_05,INEQUALITY\/DISCRIMINATION,86,0.00951012312174789,0.0,,,0.9542016542350434,beto_filtered,ig
video_05,IDEOLOGICAL AND INEQUALITY,45,0.0,0.019948063133422404,,,0.9542016542350434,beto_filtered,ig
video_05,IMPLICIT SEXISM,7,0.0,0.010352792259117956,,,0.9542016542350434,beto_filtered,ig
video_30,INEQUALITY\/DISCRIMINATION,59,0.04430761205377233,0.0,-0.07702611087904478,0.07677081550459301,0.7591949453685684,beto_filtered,ig
video_30,IRONY,59,0.04430761205377233,0.0,-0.07702611087904478,0.07677081550459301,0.7591949453685684,beto_filtered,ig
video_30,JOKE,59,0.04430761205377233,0.0,-0.07702611087904478,0.07677081550459301,0.7591949453685684,beto_filtered,ig
video_30,IDEOLOGICAL AND INEQUALITY,12,0.0,0.055620193854735475,,,0.7591949453685684,beto_filtered,ig
video_106,IMPLICIT SEXISM,63,0.038051504254436846,0.0,0.19440237748517739,0.1726903601197567,0.8347332783563206,beto_filtered,ig
video_106,STEREOTYPE,63,0.038051504254436846,0.0,0.19440237748517739,0.1726903601197567,0.8347332783563206,beto_filtered,ig
video_107,IMPLICIT SEXISM,28,0.0,0.1282084953524751,,,0.6874912340792543,beto_filtered,ig
video_107,INEQUALITY\/DISCRIMINATION,28,0.0,0.1282084953524751,,,0.6874912340792543,beto_filtered,ig
video_327,STEREOTYPE,54,0.02728782850872304,0.0,0.1421432407047575,0.26627567691936826,0.8864958090751314,beto_filtered,ig
video_327,IMPLICIT SEXISM,54,0.02728782850872304,0.0,0.1421432407047575,0.26627567691936826,0.8864958090751314,beto_filtered,ig
video_373,STEREOTYPE,31,0.05745961374151943,0.0,-0.21638150934603437,-0.19257421197933886,0.8571224513457619,beto_filtered,ig
video_373,INEQUALITY\/DISCRIMINATION,59,0.030190644508255968,0.0,-0.14449156820720394,-0.12178648611467413,0.8571224513457619,beto_filtered,ig
video_375,STEREOTYPE,74,0.0357489219184676,0.0,0.17487125300183753,0.30587075232669503,0.8377079066616722,beto_filtered,ig
video_375,IMPLICIT SEXISM,74,0.0357489219184676,0.0,0.17487125300183753,0.30587075232669503,0.8377079066616722,beto_filtered,ig
video_375,IRONY,70,0.03779171745666574,0.0,0.20966882621077634,0.3373295052256323,0.8377079066616722,beto_filtered,ig
video_375,INEQUALITY\/DISCRIMINATION,74,0.0357489219184676,0.0,0.17487125300183753,0.30587075232669503,0.8377079066616722,beto_filtered,ig
video_383,STEREOTYPE,74,0.08903332947103636,0.0,-0.01700839030507121,-0.12946474263113328,0.6019263853894081,beto_filtered,ig
video_383,IMPLICIT SEXISM,37,0.0,0.17806665894207271,,,0.6019263853894081,beto_filtered,ig
video_143,OBJECTIFICATION,44,0.022727272727272728,0.0,0.13816968865032075,0.19841849104930276,0.9730188943255537,beto_filtered,ig
video_143,STEREOTYPE,45,0.022222222222222223,0.0,0.10452749388792273,0.16266269795836466,0.9730188943255537,beto_filtered,ig
video_144,INEQUALITY\/DISCRIMINATION,85,0.011764705882352941,0.0,0.10692336725967674,0.12253378472602318,0.953761531974144,beto_filtered,ig
video_144,STEREOTYPE,85,0.011764705882352941,0.0,0.10692336725967674,0.12253378472602318,0.953761531974144,beto_filtered,ig
video_144,IMPLICIT SEXISM,64,0.0,0.047619047619047616,,,0.953761531974144,beto_filtered,ig
video_148,STEREOTYPE,50,0.04438197312191436,0.0,0.11558227291379686,0.10607368666439987,0.8689258302277175,beto_filtered,ig
video_148,INEQUALITY\/DISCRIMINATION,23,0.0,0.04721486502331315,,,0.8689258302277175,beto_filtered,ig
video_148,IRONY,5,0.0,0.034139979324549506,,,0.8689258302277175,beto_filtered,ig
video_148,OBJECTIFICATION,15,0.0,0.04034724829264942,,,0.8689258302277175,beto_filtered,ig
video_148,IMPLICIT SEXISM,15,0.0,0.04034724829264942,,,0.8689258302277175,beto_filtered,ig
video_150,STEREOTYPE,34,0.0,0.3723848883673482,,,0.5741637326586244,beto_filtered,ig
video_150,INEQUALITY\/DISCRIMINATION,13,0.0,0.1551603701530618,,,0.5741637326586244,beto_filtered,ig
video_201,STEREOTYPE,106,0.009990926242109743,0.0,0.0796490197990973,0.09360336460828463,0.8504366007722596,beto_filtered,ig
video_201,IMPLICIT SEXISM,27,0.0,0.013405546603337122,,,0.8504366007722596,beto_filtered,ig
video_201,OBJECTIFICATION,43,0.0,0.01681012986767671,,,0.8504366007722596,beto_filtered,ig
video_356,INEQUALITY\/DISCRIMINATION,40,0.04816319886312549,0.0,0.13170627767244203,0.32905925800920466,0.8973841383823984,beto_filtered,ig
video_356,IMPLICIT SEXISM,5,0.38530559090500394,0.0,-0.05129891760425771,0.5642880936468347,0.8973841383823984,beto_filtered,ig
video_357,INEQUALITY\/DISCRIMINATION,95,0.027699362174750778,0.0,0.2287390330983148,0.2369800078788229,0.8455672167059772,beto_filtered,ig
video_59,STEREOTYPE,56,0.017857142857142856,0.0,0.21283645198172974,0.22969851718749998,0.9351530779109262,beto_filtered,ig
video_59,INEQUALITY\/DISCRIMINATION,56,0.017857142857142856,0.0,0.21283645198172974,0.22969851718749998,0.9351530779109262,beto_filtered,ig
video_59,IRONY,56,0.017857142857142856,0.0,0.21283645198172974,0.22969851718749998,0.9351530779109262,beto_filtered,ig
video_59,IMPLICIT SEXISM,56,0.017857142857142856,0.0,0.21283645198172974,0.22969851718749998,0.9351530779109262,beto_filtered,ig
video_59,JOKE,56,0.017857142857142856,0.0,0.21283645198172974,0.22969851718749998,0.9351530779109262,beto_filtered,ig
video_62,STEREOTYPE,64,0.05567057358193663,0.0,0.016287911038423274,0.15220344201274608,0.7493736859892685,beto_filtered,ig
video_62,IRONY,8,0.0,0.06362351266507044,,,0.7493736859892685,beto_filtered,ig
video_76,INEQUALITY\/DISCRIMINATION,73,0.0136986301369863,0.0,0.16783173835313633,0.19024747953151458,0.9476550929449863,beto_filtered,ig
video_76,STEREOTYPE,22,0.0,0.0196078431372549,,,0.9476550929449863,beto_filtered,ig
video_76,IMPLICIT SEXISM,22,0.0,0.0196078431372549,,,0.9476550929449863,beto_filtered,ig
video_37,CRITIQUE,21,0.07091663924578569,0.0,0.1727573764157606,0.4186993599890917,0.7114454120828274,beto_filtered,ig
video_37,IRONY,21,0.07091663924578569,0.0,0.1727573764157606,0.4186993599890917,0.7114454120828274,beto_filtered,ig
video_37,JOKE,21,0.07091663924578569,0.0,0.1727573764157606,0.4186993599890917,0.7114454120828274,beto_filtered,ig
video_390,CRITIQUE,40,0.025,0.0,-0.14566799115586984,-0.13190628263758855,0.9152186444228599,beto_filtered,ig
video_099,CRITIQUE,67,0.014925373134328358,0.0,,,0.9438843463479044,beto_filtered,ig
video_399,CRITIQUE,69,0.014492753623188406,0.0,0.1400913499539969,0.1493848508240327,0.9452056244772565,beto_filtered,ig
video_399,STEREOTYPE,69,0.014492753623188406,0.0,0.1400913499539969,0.1493848508240327,0.9452056244772565,beto_filtered,ig
video_399,REPORTED SEXISM,69,0.014492753623188406,0.0,0.1400913499539969,0.1493848508240327,0.9452056244772565,beto_filtered,ig
video_133,CRITIQUE,81,0.028889450411630074,0.0,0.028321354022656498,0.018123478507625548,0.7917124686840544,beto_filtered,ig
video_136,CRITIQUE,47,0.0,0.0,,,0.0,beto_filtered,ig
video_166,JOKE,30,0.03333333333333333,0.0,0.1394831586522837,0.10734253018329497,0.8937772036120079,beto_filtered,ig
video_166,CRITIQUE,30,0.03333333333333333,0.0,0.1394831586522837,0.10734253018329497,0.8937772036120079,beto_filtered,ig
video_214,CRITIQUE,35,0.0,0.0,,,0.0,beto_filtered,ig
video_215,CRITIQUE,58,0.017241379310344827,0.0,-0.21767215635778503,-0.22167760948182821,0.9386538169042495,beto_filtered,ig
video_217,CRITIQUE,85,0.032081742758414585,0.0,-0.0892832543695237,0.02147344009813479,0.8890468259081257,beto_filtered,ig
video_217,REPORTED SEXISM,14,0.0,0.03840772020373577,,,0.8890468259081257,beto_filtered,ig
video_352,CRITIQUE,67,0.02373969079221424,0.0,0.22290651318389562,0.2769958508056286,0.9095340993405406,beto_filtered,ig
video_359,CRITIQUE,62,0.030468125904038267,0.0,0.010039988590563449,0.015071000950658676,0.8964919580918104,beto_filtered,ig
video_362,CRITIQUE,95,0.07814582500722965,0.0,0.23157874888602598,0.24191232274997565,0.42555225531498125,beto_filtered,ig
video_364,CRITIQUE,78,0.024893102780532306,0.0,-0.16943197905089505,-0.08255964920903949,0.8403042407980017,beto_filtered,ig
video_45,CRITIQUE,61,0.1247987021274737,0.0,0.48072208621446594,0.46921297503941173,0.551059027281858,beto_filtered,ig
video_55,CRITIQUE,98,0.024905019026214243,0.0,0.17001575729254476,0.2995269868194997,0.8114592402221176,beto_filtered,ig
video_55,REPORTED SEXISM,49,0.0,0.049810038052428486,,,0.8114592402221176,beto_filtered,ig
video_60,CRITIQUE,25,0.07971092641051927,0.0,-0.0043429194714665635,0.2859291714786202,0.5032812976086243,beto_filtered,ig
video_78,CRITIQUE,73,0.0136986301369863,0.0,0.11751396156685154,0.13154841833692077,0.9476550929449863,beto_filtered,ig
video_124,CRITIQUE,83,0.02768451043245165,0.0,-0.22395014750934158,-0.16509679078830258,0.8404090136580317,beto_filtered,ig
video_124,REPORTED SEXISM,83,0.02768451043245165,0.0,-0.22395014750934158,-0.16509679078830258,0.8404090136580317,beto_filtered,ig
video_04,JOKE,49,0.0903790087463557,0.0,,,0.7005033092415933,beto_filtered,lrp
video_04,IDEOLOGICAL AND INEQUALITY,29,0.15270935960591134,0.0,,,0.7005033092415933,beto_filtered,lrp
video_04,INEQUALITY\/DISCRIMINATION,24,0.0,0.1196911196911197,,,0.7005033092415933,beto_filtered,lrp
video_04,IRONY,12,0.0,0.0903790087463557,,,0.7005033092415933,beto_filtered,lrp
video_05,IRONY,86,0.0011627906976744186,0.0,,,0.9542016542350434,beto_filtered,lrp
video_05,JOKE,53,0.0018867924528301887,0.0,,,0.9542016542350434,beto_filtered,lrp
video_05,INEQUALITY\/DISCRIMINATION,86,0.0011627906976744186,0.0,,,0.9542016542350434,beto_filtered,lrp
video_05,IDEOLOGICAL AND INEQUALITY,45,0.0,0.0024390243902439024,,,0.9542016542350434,beto_filtered,lrp
video_05,IMPLICIT SEXISM,7,0.0,0.0012658227848101266,,,0.9542016542350434,beto_filtered,lrp
video_30,INEQUALITY\/DISCRIMINATION,59,0.07627118644067797,0.0,-0.08237669455805222,0.07403498280661115,0.7584250710655724,beto_filtered,lrp
video_30,IRONY,59,0.07627118644067797,0.0,-0.08237669455805222,0.07403498280661115,0.7584250710655724,beto_filtered,lrp
video_30,JOKE,59,0.07627118644067797,0.0,-0.08237669455805222,0.07403498280661115,0.7584250710655724,beto_filtered,lrp
video_30,IDEOLOGICAL AND INEQUALITY,12,0.0,0.09574468085106383,,,0.7584250710655724,beto_filtered,lrp
video_106,IMPLICIT SEXISM,63,0.023809523809523808,0.0,0.29226956135141213,0.27173895091774203,0.8683857551949965,beto_filtered,lrp
video_106,STEREOTYPE,63,0.023809523809523808,0.0,0.29226956135141213,0.27173895091774203,0.8683857551949965,beto_filtered,lrp
video_107,IMPLICIT SEXISM,28,0.0,0.17826704545454544,,,0.66665208442101,beto_filtered,lrp
video_107,INEQUALITY\/DISCRIMINATION,28,0.0,0.17826704545454544,,,0.66665208442101,beto_filtered,lrp
video_327,STEREOTYPE,54,0.023148148148148147,0.0,0.1472697182383717,0.26872338504600723,0.8904379639450284,beto_filtered,lrp
video_327,IMPLICIT SEXISM,54,0.023148148148148147,0.0,0.1472697182383717,0.26872338504600723,0.8904379639450284,beto_filtered,lrp
video_373,STEREOTYPE,31,0.04838709677419355,0.0,-0.21638150934603437,-0.19257421197933886,0.8638754052437627,beto_filtered,lrp
video_373,INEQUALITY\/DISCRIMINATION,59,0.025423728813559324,0.0,-0.14449156820720394,-0.12178648611467413,0.8638754052437627,beto_filtered,lrp
video_375,STEREOTYPE,74,0.04560810810810811,0.0,0.16949059906331945,0.3003175185742723,0.8231139510580473,beto_filtered,lrp
video_375,IMPLICIT SEXISM,74,0.04560810810810811,0.0,0.16949059906331945,0.3003175185742723,0.8231139510580473,beto_filtered,lrp
video_375,IRONY,70,0.048214285714285716,0.0,0.20355168821023753,0.33124902222644953,0.8231139510580473,beto_filtered,lrp
video_375,INEQUALITY\/DISCRIMINATION,74,0.04560810810810811,0.0,0.16949059906331945,0.3003175185742723,0.8231139510580473,beto_filtered,lrp
video_383,STEREOTYPE,74,0.05157657657657657,0.0,-0.03209678678553362,-0.14232659673702414,0.646482235230453,beto_filtered,lrp
video_383,IMPLICIT SEXISM,37,0.0,0.10315315315315314,,,0.646482235230453,beto_filtered,lrp
video_143,OBJECTIFICATION,44,0.022727272727272728,0.0,0.13816968865032075,0.19841849104930276,0.9730188943255537,beto_filtered,lrp
video_143,STEREOTYPE,45,0.022222222222222223,0.0,0.10452749388792273,0.16266269795836466,0.9730188943255537,beto_filtered,lrp
video_144,INEQUALITY\/DISCRIMINATION,85,0.011764705882352941,0.0,0.10692336725967674,0.12253378472602318,0.953761531974144,beto_filtered,lrp
video_144,STEREOTYPE,85,0.011764705882352941,0.0,0.10692336725967674,0.12253378472602318,0.953761531974144,beto_filtered,lrp
video_144,IMPLICIT SEXISM,64,0.0,0.047619047619047616,,,0.953761531974144,beto_filtered,lrp
video_148,STEREOTYPE,50,0.036000000000000004,0.0,-0.013420456156195115,-0.03493939493357684,0.8767790598360883,beto_filtered,lrp
video_148,INEQUALITY\/DISCRIMINATION,23,0.0,0.03829787234042553,,,0.8767790598360883,beto_filtered,lrp
video_148,IRONY,5,0.0,0.027692307692307693,,,0.8767790598360883,beto_filtered,lrp
video_148,OBJECTIFICATION,15,0.0,0.03272727272727273,,,0.8767790598360883,beto_filtered,lrp
video_148,IMPLICIT SEXISM,15,0.0,0.03272727272727273,,,0.8767790598360883,beto_filtered,lrp
video_150,STEREOTYPE,34,0.0,0.33456790123456787,,,0.6014835256129203,beto_filtered,lrp
video_150,INEQUALITY\/DISCRIMINATION,13,0.0,0.13940329218106995,,,0.6014835256129203,beto_filtered,lrp
video_151,INEQUALITY\/DISCRIMINATION,44,0.0,0.0,,,0.0,beto_filtered,lrp
video_201,STEREOTYPE,106,0.020047169811320754,0.0,0.024305679337532814,0.03629265519566727,0.8751786523434366,beto_filtered,lrp
video_201,IMPLICIT SEXISM,27,0.0,0.02689873417721519,,,0.8751786523434366,beto_filtered,lrp
video_201,OBJECTIFICATION,43,0.0,0.03373015873015873,,,0.8751786523434366,beto_filtered,lrp
video_356,INEQUALITY\/DISCRIMINATION,40,0.0515625,0.0,0.1308805329848405,0.3298850026968062,0.8938415631925661,beto_filtered,lrp
video_356,IMPLICIT SEXISM,5,0.4125,0.0,-0.15389675281277312,0.6668859288553503,0.8938415631925661,beto_filtered,lrp
video_357,INEQUALITY\/DISCRIMINATION,95,0.017343358395989973,0.0,0.20938176951148568,0.20263692393134608,0.8627964082248769,beto_filtered,lrp
video_59,STEREOTYPE,56,0.017857142857142856,0.0,0.21283645198172974,0.22969851718749998,0.9351530779109262,beto_filtered,lrp
video_59,INEQUALITY\/DISCRIMINATION,56,0.017857142857142856,0.0,0.21283645198172974,0.22969851718749998,0.9351530779109262,beto_filtered,lrp
video_59,IRONY,56,0.017857142857142856,0.0,0.21283645198172974,0.22969851718749998,0.9351530779109262,beto_filtered,lrp
video_59,IMPLICIT SEXISM,56,0.017857142857142856,0.0,0.21283645198172974,0.22969851718749998,0.9351530779109262,beto_filtered,lrp
video_59,JOKE,56,0.017857142857142856,0.0,0.21283645198172974,0.22969851718749998,0.9351530779109262,beto_filtered,lrp
video_62,STEREOTYPE,64,0.05245535714285714,0.0,0.05477283572455827,0.1850621034233663,0.7147661276991543,beto_filtered,lrp
video_62,IRONY,8,0.0,0.059948979591836725,,,0.7147661276991543,beto_filtered,lrp
video_76,INEQUALITY\/DISCRIMINATION,73,0.0136986301369863,0.0,0.16783173835313633,0.19024747953151458,0.9476550929449863,beto_filtered,lrp
video_76,STEREOTYPE,22,0.0,0.0196078431372549,,,0.9476550929449863,beto_filtered,lrp
video_76,IMPLICIT SEXISM,22,0.0,0.0196078431372549,,,0.9476550929449863,beto_filtered,lrp
video_37,CRITIQUE,21,0.055008210180623976,0.0,0.19408544757820023,0.4283001096448926,0.7529765604818887,beto_filtered,lrp
video_37,IRONY,21,0.055008210180623976,0.0,0.19408544757820023,0.4283001096448926,0.7529765604818887,beto_filtered,lrp
video_37,JOKE,21,0.055008210180623976,0.0,0.19408544757820023,0.4283001096448926,0.7529765604818887,beto_filtered,lrp
video_390,CRITIQUE,40,0.025,0.0,-0.14566799115586984,-0.13190628263758855,0.9152186444228599,beto_filtered,lrp
video_099,CRITIQUE,67,0.014925373134328358,0.0,,,0.9438843463479044,beto_filtered,lrp
video_399,CRITIQUE,69,0.014492753623188406,0.0,0.1400913499539969,0.1493848508240327,0.9452056244772565,beto_filtered,lrp
video_399,STEREOTYPE,69,0.014492753623188406,0.0,0.1400913499539969,0.1493848508240327,0.9452056244772565,beto_filtered,lrp
video_399,REPORTED SEXISM,69,0.014492753623188406,0.0,0.1400913499539969,0.1493848508240327,0.9452056244772565,beto_filtered,lrp
video_133,CRITIQUE,81,0.023726851851851853,0.0,0.05727501630332366,0.09220484741273091,0.8229174308950079,beto_filtered,lrp
video_136,CRITIQUE,47,0.0,0.0,,,0.0,beto_filtered,lrp
video_166,JOKE,30,0.03333333333333333,0.0,0.1394831586522837,0.10734253018329497,0.8937772036120079,beto_filtered,lrp
video_166,CRITIQUE,30,0.03333333333333333,0.0,0.1394831586522837,0.10734253018329497,0.8937772036120079,beto_filtered,lrp
video_214,CRITIQUE,35,0.0,0.0,,,0.0,beto_filtered,lrp
video_215,CRITIQUE,58,0.017241379310344827,0.0,-0.21767215635778503,-0.22167760948182821,0.9386538169042495,beto_filtered,lrp
video_217,CRITIQUE,85,0.01911764705882353,0.0,-0.08420756251153023,0.02903429498657284,0.8964648702759832,beto_filtered,lrp
video_217,REPORTED SEXISM,14,0.0,0.022887323943661973,,,0.8964648702759832,beto_filtered,lrp
video_352,CRITIQUE,67,0.028972783143107986,0.0,0.22290651318389562,0.2769958508056286,0.9088841156135089,beto_filtered,lrp
video_359,CRITIQUE,62,0.0,0.0,,,0.0,beto_filtered,lrp
video_362,CRITIQUE,95,0.12306094182825483,0.0,0.24827177059801628,0.24487554541868836,0.4504656476022604,beto_filtered,lrp
video_364,CRITIQUE,78,0.02756410256410257,0.0,-0.17548608442269784,-0.09040151607081706,0.8349152980290389,beto_filtered,lrp
video_45,CRITIQUE,61,0.07310331681280975,0.0,0.5887883536135077,0.590498123896836,0.587242781030588,beto_filtered,lrp
video_55,CRITIQUE,98,0.03370032223415682,0.0,0.17260185288616936,0.3057951543966537,0.7895531844010435,beto_filtered,lrp
video_55,REPORTED SEXISM,49,0.0,0.06740064446831363,,,0.7895531844010435,beto_filtered,lrp
video_60,CRITIQUE,25,0.09782608695652172,0.0,-0.03126902019455926,0.23899854758851233,0.47814463629446236,beto_filtered,lrp
video_78,CRITIQUE,73,0.0136986301369863,0.0,0.11751396156685154,0.13154841833692077,0.9476550929449863,beto_filtered,lrp
video_124,CRITIQUE,83,0.020972780008924583,0.0,-0.19108147950384813,-0.15526944123254613,0.8738340114817709,beto_filtered,lrp
video_124,REPORTED SEXISM,83,0.020972780008924583,0.0,-0.19108147950384813,-0.15526944123254613,0.8738340114817709,beto_filtered,lrp
